path,layer,loc,imports,exports,is_barrel,has_supabase,has_toast,has_console,has_default_export
App.tsx,other,16,2,1,false,false,false,false,true
app/providers.tsx,app,36,10,1,false,false,false,false,false
app/root-layout.tsx,app,62,7,1,false,false,false,false,false
app/router.tsx,app,32,6,1,false,false,false,false,false
components/accounts/AccountsBeneficiariesTable.test.tsx,component,101,3,0,false,false,false,false,false
components/accounts/AccountsBeneficiariesTable.tsx,component,135,10,1,false,false,false,false,true
components/accounts/AccountsCollectionTable.test.tsx,component,83,4,0,false,false,false,false,false
components/accounts/AccountsCollectionTable.tsx,component,167,10,2,false,false,false,false,true
components/accounts/AccountsContractsTable.test.tsx,component,73,4,0,false,false,false,false,false
components/accounts/AccountsContractsTable.tsx,component,68,8,1,false,false,false,false,true
components/accounts/AccountsDialogs.tsx,component,129,6,1,false,false,false,false,true
components/accounts/AccountsDistributionRow.tsx,component,31,3,2,false,false,false,false,true
components/accounts/AccountsDistributionTable.test.tsx,component,77,4,0,false,false,false,false,false
components/accounts/AccountsDistributionTable.tsx,component,155,6,2,false,false,false,false,true
components/accounts/AccountsExpensesTable.test.tsx,component,53,3,0,false,false,false,false,false
components/accounts/AccountsExpensesTable.tsx,component,69,5,1,false,false,false,false,true
components/accounts/AccountsIncomeTable.test.tsx,component,25,3,0,false,false,false,false,false
components/accounts/AccountsIncomeTable.tsx,component,69,5,1,false,false,false,false,true
components/accounts/AccountsSavedTable.test.tsx,component,35,3,0,false,false,false,false,false
components/accounts/AccountsSavedTable.tsx,component,118,7,1,false,false,false,false,true
components/accounts/AccountsSettingsBar.test.tsx,component,65,3,0,false,false,false,false,false
components/accounts/AccountsSettingsBar.tsx,component,138,6,1,false,false,false,false,true
components/accounts/AccountsSummaryCards.test.tsx,component,77,3,0,false,false,false,false,false
components/accounts/AccountsSummaryCards.tsx,component,182,4,1,false,false,false,false,true
components/accounts/AccountsViewMyShare.tsx,component,27,3,1,false,false,false,false,true
components/accounts/AccountsViewSummary.tsx,component,52,3,1,false,false,false,false,true
components/accounts/AdvanceRequestsTab.tsx,component,65,6,1,false,false,false,false,true
components/accounts/CategoryTreeView.tsx,component,155,7,3,false,false,false,false,false
components/accounts/CloseYearChecklist.test.tsx,component,34,4,0,false,false,false,false,false
components/accounts/CloseYearChecklist.tsx,component,52,3,1,false,false,false,false,true
components/accounts/CloseYearDialog.test.tsx,component,57,3,0,false,false,false,false,false
components/accounts/CloseYearDialog.tsx,component,104,5,1,false,false,false,false,true
components/accounts/DistributeDialog.test.tsx,component,104,4,0,false,false,false,false,false
components/accounts/DistributeDialog.tsx,component,183,14,1,false,false,false,false,true
components/accounts/advance/AdvanceRequestsTable.tsx,component,100,7,1,false,false,false,false,true
components/accounts/advance/AdvanceStatusBadge.tsx,component,23,2,1,false,false,false,false,true
components/accounts/advance/RejectAdvanceDialog.tsx,component,43,3,1,false,false,false,false,true
components/accounts/closeYearChecklist.utils.test.ts,component,80,2,0,false,false,false,false,false
components/accounts/closeYearChecklist.utils.ts,component,72,1,2,false,false,false,false,false
components/accounts/collection/CollectionDesktopRow.tsx,component,121,9,1,false,false,false,false,true
components/accounts/collection/CollectionMobileCard.tsx,component,120,7,1,false,false,false,false,true
components/accounts/collection/types.ts,component,40,0,3,false,false,false,false,false
components/accounts/contracts/AccountsContractsDesktopTable.tsx,component,96,9,1,false,false,false,false,true
components/accounts/contracts/AccountsContractsMobileList.tsx,component,104,9,1,false,false,false,false,true
components/accounts/contracts/originBadge.tsx,component,9,2,1,false,false,false,false,false
components/accounts/index.ts,component,25,0,18,true,false,false,false,false
components/annual-report/IncomeComparisonChart.tsx,component,45,5,1,false,false,false,false,true
components/annual-report/IncomeComparisonChartInner.tsx,component,40,3,1,false,false,false,false,true
components/annual-report/PropertyStatusSection.tsx,component,65,4,1,false,false,false,false,true
components/annual-report/ReportItemCard.tsx,component,70,4,1,false,false,false,false,true
components/annual-report/ReportItemFormDialog.tsx,component,118,8,1,false,false,false,false,true
components/annual-report/ReportSectionList.tsx,component,53,4,1,false,false,false,false,true
components/audit/AccessLogTab.tsx,component,138,11,1,false,false,false,false,true
components/audit/ArchiveLogTab.tsx,component,128,12,1,false,false,false,false,true
components/audit/AuditLogFilters.tsx,component,90,4,1,false,false,false,false,true
components/audit/AuditLogStats.tsx,component,47,2,1,false,false,false,false,true
components/audit/AuditLogTable.tsx,component,121,9,1,false,false,false,false,true
components/audit/DataDiff.tsx,component,79,1,1,false,false,false,false,false
components/audit/auditEventConfig.ts,component,12,1,1,false,false,false,false,false
components/auth/AuthSkeleton.tsx,component,43,1,1,false,false,false,false,true
components/auth/BiometricLoginButton.test.tsx,component,56,3,0,false,false,false,false,false
components/auth/BiometricLoginButton.tsx,component,52,4,1,false,false,false,false,true
components/auth/IdleTimeoutWarning.test.tsx,component,34,4,0,false,false,false,false,false
components/auth/IdleTimeoutWarning.tsx,component,44,2,1,false,false,false,false,true
components/auth/LoginForm.test.tsx,component,175,4,0,false,false,false,false,false
components/auth/LoginForm.tsx,component,90,9,1,false,false,false,false,true
components/auth/PasswordStrengthBar.tsx,component,50,2,1,false,false,false,false,true
components/auth/ProtectedRoute.test.tsx,component,130,5,0,false,false,false,false,false
components/auth/ProtectedRoute.tsx,component,88,6,1,false,false,false,false,true
components/auth/RequirePermission.tsx,component,47,5,1,false,false,false,false,true
components/auth/ResetPasswordForm.test.tsx,component,29,3,0,false,false,false,false,false
components/auth/ResetPasswordForm.tsx,component,83,7,1,false,false,false,false,true
components/auth/SecurityGuard.test.tsx,component,72,3,0,false,false,false,false,false
components/auth/SecurityGuard.tsx,component,64,1,1,false,false,false,false,true
components/auth/ServerErrorAlert.tsx,component,33,1,1,false,false,false,false,true
components/auth/SignupForm.test.tsx,component,34,3,0,false,false,false,false,false
components/auth/SignupForm.tsx,component,150,12,1,false,false,false,false,true
components/auth/index.ts,component,12,0,8,true,false,false,false,false
components/auth/login/EmailField.tsx,component,48,4,1,false,false,false,false,true
components/auth/login/LoginMethodSelector.tsx,component,52,3,1,false,false,false,false,true
components/auth/login/NationalIdField.tsx,component,63,4,1,false,false,false,false,true
components/auth/login/PasswordField.tsx,component,77,5,1,false,false,false,false,true
components/beneficiaries/admin/BeneficiaryCard.tsx,component,52,9,1,false,false,false,false,true
components/beneficiaries/admin/BeneficiaryFormDialog.tsx,component,109,10,2,false,false,false,false,true
components/beneficiaries/admin/DistributionHistory.tsx,component,111,9,1,false,false,false,false,true
components/beneficiaries/admin/index.ts,component,8,0,4,false,false,false,false,false
components/beneficiary/UnlinkedAccountNotice.tsx,component,32,3,1,false,false,false,false,true
components/beneficiary/carryforward/CarryforwardSummaryCards.tsx,component,68,3,1,false,false,false,false,true
components/beneficiary/carryforward/CarryforwardsRecordTable.tsx,component,113,6,1,false,false,false,false,true
components/beneficiary/carryforward/PaidAdvancesTable.tsx,component,92,5,1,false,false,false,false,true
components/beneficiary/carryforward/index.ts,component,7,0,3,true,false,false,false,false
components/beneficiary/dashboard/BeneficiaryAdvanceCard.tsx,component,92,5,1,false,false,false,false,true
components/beneficiary/dashboard/BeneficiaryNotificationsCard.tsx,component,76,7,1,false,false,false,false,true
components/beneficiary/dashboard/BeneficiaryQuickLinks.tsx,component,48,4,1,false,false,false,false,true
components/beneficiary/dashboard/BeneficiaryRecentDistributions.tsx,component,50,4,1,false,false,false,false,true
components/beneficiary/dashboard/BeneficiaryStatsRow.tsx,component,114,6,1,false,false,false,false,true
components/beneficiary/dashboard/BeneficiaryWelcomeCard.tsx,component,44,3,1,false,false,false,false,true
components/beneficiary/disclosure/DisclosureContractsSection.tsx,component,111,7,1,false,false,false,false,true
components/beneficiary/disclosure/DisclosureExpensesBlock.tsx,component,38,1,1,false,false,false,false,true
components/beneficiary/disclosure/DisclosureFinancialStatement.tsx,component,80,6,1,false,false,false,false,true
components/beneficiary/disclosure/DisclosureIncomeBlock.tsx,component,30,1,1,false,false,false,false,true
components/beneficiary/disclosure/DisclosureMyShareCard.tsx,component,44,1,1,false,false,false,false,true
components/beneficiary/disclosure/DisclosureSummaryCards.tsx,component,121,5,1,false,false,false,false,true
components/beneficiary/disclosure/DisclosureWaterfallBlock.tsx,component,83,1,1,false,false,false,false,true
components/beneficiary/my-share/AdvanceRequestDialog.tsx,component,187,11,1,false,false,false,false,true
components/beneficiary/my-share/AdvancesTable.tsx,component,115,5,1,false,false,false,false,true
components/beneficiary/my-share/CarryforwardsTable.tsx,component,92,5,1,false,false,false,false,true
components/beneficiary/my-share/DeductionsExplanationCard.tsx,component,51,3,1,false,false,false,false,true
components/beneficiary/my-share/DistributionsTable.tsx,component,99,5,1,false,false,false,false,true
components/beneficiary/my-share/MyShareSummaryCards.tsx,component,112,5,1,false,false,false,false,true
components/beneficiary/properties/BeneficiaryPropertyCard.tsx,component,131,6,1,false,false,false,false,true
components/bylaws/BylawAddDialog.tsx,component,89,5,2,false,false,false,false,false
components/bylaws/BylawDeleteDialog.tsx,component,29,2,1,false,false,false,false,false
components/bylaws/BylawDialogs.tsx,component,7,0,3,false,false,false,false,false
components/bylaws/BylawEditDialog.tsx,component,76,6,1,false,false,false,false,false
components/bylaws/BylawsStatsCards.tsx,component,67,3,1,false,false,false,false,true
components/bylaws/SortableBylawItem.tsx,component,113,9,1,false,false,false,false,true
components/common/access/FeatureGate.tsx,component,25,3,1,false,false,false,false,true
components/common/charts/ChartBox.tsx,component,34,2,1,false,false,false,false,true
components/common/charts/ChartSkeleton.tsx,component,14,1,1,false,false,false,false,true
components/common/feedback/BetaBanner.tsx,component,61,5,1,false,false,false,false,true
components/common/feedback/ConfirmDeleteDialog.tsx,component,56,1,1,false,false,false,false,true
components/common/feedback/DiagnosticOverlay.tsx,component,52,6,1,false,false,false,false,true
components/common/feedback/EmptyState.test.tsx,component,17,3,0,false,false,false,false,false
components/common/feedback/EmptyState.tsx,component,53,2,1,false,false,false,false,true
components/common/feedback/ErrorBoundary.test.tsx,component,83,5,0,false,false,false,true,false
components/common/feedback/ErrorBoundary.tsx,component,136,5,1,false,false,false,false,true
components/common/feedback/OfflineBanner.tsx,component,33,2,1,false,false,false,false,true
components/common/feedback/PageLoader.tsx,component,14,0,1,false,false,false,false,true
components/common/feedback/PageStateGuards.tsx,component,72,4,2,false,false,false,false,false
components/common/feedback/SkeletonLoaders.test.tsx,component,39,3,0,false,false,false,false,false
components/common/feedback/SkeletonLoaders.tsx,component,98,2,5,false,false,false,false,false
components/common/feedback/WebVitalsPanel.tsx,component,101,6,1,false,false,false,false,true
components/common/finance/EstimatedShareBadge.tsx,component,31,2,1,false,false,false,false,true
components/common/finance/FiscalYearStateNotice.tsx,component,53,4,1,false,false,false,false,true
components/common/finance/LockedYearBanner.tsx,component,39,1,1,false,false,false,false,true
components/common/finance/NoPublishedYearsNotice.tsx,component,19,3,1,false,false,false,false,true
components/common/finance/RequirePublishedYears.tsx,component,36,4,1,false,false,false,false,true
components/common/forms/ExportMenu.tsx,component,92,4,1,false,false,false,false,true
components/common/forms/ViewModeToggle.tsx,component,60,3,3,false,false,false,false,false
components/common/index.ts,component,60,0,29,true,false,false,false,false
components/common/layout/LegalPageFooter.tsx,component,56,3,1,false,false,false,false,true
components/common/layout/MobileCardView.test.tsx,component,114,4,0,false,false,false,false,false
components/common/layout/MobileCardView.tsx,component,109,4,2,false,false,false,false,true
components/common/layout/PrintFooter.tsx,component,28,2,1,false,false,false,false,true
components/common/layout/PrintHeader.tsx,component,87,3,1,false,false,false,false,true
components/common/perf/DeferredRender.tsx,component,26,1,1,false,false,false,false,true
components/common/perf/ViewportRender.tsx,component,50,1,1,false,false,false,false,true
components/common/tables/CrudPagination.test.tsx,component,81,3,0,false,false,false,false,false
components/common/tables/CrudPagination.tsx,component,80,2,2,false,false,false,false,true
components/common/tables/TablePagination.test.tsx,component,60,3,0,false,false,false,false,false
components/common/tables/TablePagination.tsx,component,75,2,1,false,false,false,false,true
components/common/tables/VirtualTable.tsx,component,143,4,1,false,false,false,false,true
components/contracts/BulkRenewDialog.tsx,component,51,2,1,false,false,false,false,true
components/contracts/CollectionDesktopTable.tsx,component,38,3,1,false,false,false,false,true
components/contracts/CollectionMobileCards.tsx,component,65,6,1,false,false,false,false,true
components/contracts/CollectionReport.integration.test.tsx,component,82,4,0,false,false,false,false,false
components/contracts/CollectionReport.tsx,component,134,16,1,false,false,false,false,true
components/contracts/CollectionSummaryCards.tsx,component,99,5,1,false,false,false,false,true
components/contracts/CollectionTableRow.tsx,component,78,8,1,false,false,false,false,true
components/contracts/ConfirmDeleteContractWithPendingDialog.tsx,component,54,1,1,false,false,false,false,true
components/contracts/ConfirmRegenerateInvoicesDialog.tsx,component,52,1,1,false,false,false,false,true
components/contracts/ContractAccordionGroup.tsx,component,177,12,1,false,false,false,false,true
components/contracts/ContractDeleteDialog.tsx,component,22,1,1,false,false,false,false,true
components/contracts/ContractFormDialog.tsx,component,121,11,1,false,false,false,false,true
components/contracts/ContractStatsCards.tsx,component,100,4,1,false,false,false,false,true
components/contracts/ContractTenantIdSection.tsx,component,56,5,1,false,false,false,false,true
components/contracts/ContractsFiltersBar.tsx,component,93,4,1,false,false,false,false,true
components/contracts/ContractsTabContent.tsx,component,118,8,1,false,false,false,false,true
components/contracts/ContractsViewDesktopTable.tsx,component,79,5,1,false,false,false,false,true
components/contracts/ContractsViewGridCards.tsx,component,79,4,1,false,false,false,false,true
components/contracts/ContractsViewMobileCards.tsx,component,71,4,1,false,false,false,false,true
components/contracts/MonthlyAccrualTable.tsx,component,138,9,1,false,false,false,false,true
components/contracts/PaymentInvoicesTab.tsx,component,162,17,1,false,false,false,false,true
components/contracts/accordion/AccordionParts.tsx,component,56,5,1,false,false,false,false,false
components/contracts/accordion/accordionConstants.tsx,component,26,1,3,false,false,false,false,false
components/contracts/accrual/AccrualDesktopTable.tsx,component,67,4,1,false,false,false,false,true
components/contracts/accrual/AccrualHelpers.tsx,component,60,6,1,false,false,false,false,false
components/contracts/accrual/AccrualMobileSummary.tsx,component,31,4,1,false,false,false,false,true
components/contracts/accrual/accrualUtils.ts,component,44,2,6,false,false,false,false,false
components/contracts/contract-form/ContractMultiUnitBlock.tsx,component,120,9,1,false,false,false,false,true
components/contracts/contract-form/ContractPaymentSection.tsx,component,159,10,1,false,false,false,false,true
components/contracts/contract-form/ContractRentalModeSection.tsx,component,102,6,1,false,false,false,false,true
components/contracts/index.ts,component,21,0,17,true,false,false,false,false
components/contracts/payment-invoices/PaymentInvoiceDesktopTable.tsx,component,133,9,1,false,false,false,false,true
components/contracts/payment-invoices/PaymentInvoiceMobileCards.tsx,component,82,7,1,false,false,false,false,true
components/contracts/payment-invoices/PaymentInvoiceSummaryCards.tsx,component,97,4,1,false,false,false,false,true
components/contracts/payment-invoices/PaymentInvoiceToolbar.tsx,component,96,8,1,false,false,false,false,true
components/contracts/payment-invoices/paymentStatusBadge.tsx,component,27,2,2,false,false,false,false,true
components/dashboard/AdvancedFiltersBar.tsx,component,90,6,1,false,false,false,false,true
components/dashboard/AiAssistant.tsx,component,178,8,1,false,false,false,false,true
components/dashboard/DashboardLazySection.tsx,component,44,3,1,false,false,false,false,true
components/dashboard/charts/CollectionHeatmap.tsx,component,148,7,1,false,false,false,false,true
components/dashboard/charts/DashboardCharts.tsx,component,30,2,1,false,false,false,false,true
components/dashboard/charts/DashboardChartsInner.tsx,component,85,5,1,false,false,false,false,true
components/dashboard/charts/FinancialChartsInner.tsx,component,126,4,1,false,false,false,false,true
components/dashboard/charts/IncomeMonthlyChart.tsx,component,121,7,1,false,false,false,false,true
components/dashboard/charts/IncomeMonthlyChartInner.tsx,component,41,3,1,false,false,false,false,true
components/dashboard/kpi/CollectionSummaryCard.tsx,component,108,8,1,false,false,false,false,true
components/dashboard/kpi/CollectionSummaryChart.tsx,component,64,2,1,false,false,false,false,true
components/dashboard/kpi/DashboardKpiPanel.tsx,component,62,7,2,false,false,false,false,true
components/dashboard/kpi/DashboardStatsGrid.tsx,component,46,6,2,false,false,false,false,true
components/dashboard/kpi/YearComparisonCard.tsx,component,68,7,1,false,false,false,false,true
components/dashboard/kpi/YoYBadge.tsx,component,45,2,1,false,false,false,false,true
components/dashboard/views/AccountantDashboardView.tsx,component,102,10,1,false,false,false,false,true
components/dashboard/views/PagePerformanceCard.tsx,component,147,6,2,false,false,false,false,true
components/dashboard/views/accountant/MetricCard.tsx,component,39,3,1,false,false,false,false,true
components/dashboard/views/accountant/MonthlyCollectionCard.tsx,component,88,7,1,false,false,false,false,true
components/dashboard/views/accountant/OverdueInvoicesCard.tsx,component,77,8,1,false,false,false,false,true
components/dashboard/widgets/DashboardAlerts.tsx,component,125,7,1,false,false,false,false,true
components/dashboard/widgets/FiscalYearWidget.tsx,component,127,5,1,false,false,false,false,true
components/dashboard/widgets/PendingActionsTable.tsx,component,166,8,1,false,false,false,false,true
components/dashboard/widgets/QuickActionsCard.tsx,component,59,7,1,false,false,false,false,true
components/dashboard/widgets/RecentContractsCard.tsx,component,151,8,1,false,false,false,false,true
components/email-monitor/EmailDlqRetryCard.tsx,component,59,4,1,false,false,false,false,false
components/email-monitor/EmailFiltersCard.tsx,component,107,5,1,false,false,false,false,false
components/email-monitor/EmailLogsTable.tsx,component,81,4,1,false,false,false,false,false
components/email-monitor/EmailMonitorPrimitives.tsx,component,57,4,3,false,false,false,false,false
components/expenses/ExpenseAttachments.tsx,component,69,7,1,false,false,false,false,true
components/expenses/ExpenseBudgetBar.tsx,component,96,14,1,false,false,false,false,true
components/expenses/ExpenseFormDialog.tsx,component,140,11,1,false,false,false,false,true
components/expenses/ExpensePieChartInner.tsx,component,58,5,1,false,false,false,false,true
components/expenses/ExpenseSummaryCards.tsx,component,77,6,1,false,false,false,false,true
components/expenses/ExpensesDesktopTable.tsx,component,107,9,1,false,false,false,false,true
components/expenses/ExpensesMobileCards.tsx,component,72,8,1,false,false,false,false,true
components/expenses/ExpensesPieChart.tsx,component,53,6,1,false,false,false,false,true
components/expenses/__tests__/ExpenseFormDialog.regression.test.tsx,component,48,4,0,false,false,false,false,false
components/expenses/index.ts,component,12,0,7,true,false,false,false,false
components/expenses/vouchers/SignaturePad.tsx,component,127,3,1,false,false,false,false,true
components/expenses/vouchers/VoidVoucherDialog.tsx,component,65,6,1,false,false,true,false,true
components/expenses/vouchers/VoucherFormDialog.tsx,component,122,6,1,false,false,true,false,true
components/expenses/vouchers/VoucherFormFields.tsx,component,89,7,2,false,false,false,false,true
components/expenses/vouchers/VoucherList.tsx,component,181,12,1,false,false,true,false,true
components/income/IncomeDesktopTable.tsx,component,66,6,1,false,false,false,false,true
components/income/IncomeFormDialog.tsx,component,115,9,2,false,false,false,false,true
components/income/IncomeMobileCards.tsx,component,47,6,1,false,false,false,false,true
components/income/IncomeSummaryCards.tsx,component,57,4,1,false,false,false,false,true
components/income/IncomeTableRow.tsx,component,38,7,1,false,false,false,false,true
components/income/index.ts,component,6,0,5,false,false,false,false,false
components/invoices/CreateInvoiceFromTemplate.tsx,component,182,10,1,false,false,false,false,true
components/invoices/InvoiceGridView.test.tsx,component,101,4,0,false,false,false,false,false
components/invoices/InvoiceGridView.tsx,component,187,13,2,false,false,false,false,true
components/invoices/InvoicePreviewDialog.test.tsx,component,67,4,0,false,false,false,false,false
components/invoices/InvoicePreviewDialog.tsx,component,134,8,2,false,false,false,false,true
components/invoices/InvoiceStepsGuide.tsx,component,131,6,1,false,false,false,false,true
components/invoices/InvoiceSummaryCards.tsx,component,136,6,1,false,false,false,false,true
components/invoices/InvoiceTableRow.tsx,component,67,8,1,false,false,false,false,true
components/invoices/InvoiceTemplates.tsx,component,9,0,4,false,false,false,false,false
components/invoices/InvoiceUploadDialog.tsx,component,124,7,1,false,false,false,false,true
components/invoices/InvoiceViewer.tsx,component,129,6,1,false,false,false,false,true
components/invoices/InvoicesDesktopTable.tsx,component,62,3,1,false,false,false,false,true
components/invoices/InvoicesPageDialogs.tsx,component,78,4,1,false,false,false,false,true
components/invoices/InvoicesViewDesktopTable.tsx,component,91,7,1,false,false,false,false,true
components/invoices/InvoicesViewMobileCards.tsx,component,80,7,1,false,false,false,false,true
components/invoices/create-invoice/InvoiceFormFields.tsx,component,103,6,1,false,false,false,false,true
components/invoices/create-invoice/InvoiceItemsTable.tsx,component,177,6,1,false,false,false,false,true
components/invoices/index.ts,component,17,0,13,false,false,false,false,false
components/invoices/invoiceTemplateUtils.ts,component,71,4,7,false,false,false,false,false
components/invoices/templates/ProfessionalHeader.tsx,component,51,3,1,false,false,false,false,false
components/invoices/templates/ProfessionalTemplate.tsx,component,115,6,1,false,false,false,false,false
components/invoices/templates/ProfessionalTotals.tsx,component,144,3,1,false,false,false,false,false
components/invoices/templates/SharedComponents.tsx,component,22,3,2,false,false,false,false,false
components/invoices/templates/SimplifiedTemplate.tsx,component,81,3,1,false,false,false,false,false
components/invoices/templates/TemplateSelector.tsx,component,19,2,1,false,false,false,false,false
components/landing/LandingCTA.tsx,component,37,3,1,false,false,false,false,true
components/landing/LandingFeatures.tsx,component,61,3,1,false,false,false,false,true
components/landing/LandingFooter.tsx,component,37,3,1,false,false,false,false,true
components/landing/LandingHero.tsx,component,99,4,1,false,false,false,false,true
components/layout/BottomNav.test.tsx,component,114,5,0,false,false,false,false,false
components/layout/BottomNav.tsx,component,93,10,1,false,false,false,false,true
components/layout/DashboardLayout.test.tsx,component,108,6,0,false,false,false,false,false
components/layout/DashboardLayout.tsx,component,178,14,1,false,false,false,false,true
components/layout/DesktopTopBar.tsx,component,72,11,1,false,false,false,false,true
components/layout/FiscalYearSelector.test.tsx,component,45,4,0,false,false,false,false,false
components/layout/FiscalYearSelector.tsx,component,51,4,1,false,false,false,false,true
components/layout/IdleTimeoutManager.test.tsx,component,137,3,0,false,false,false,false,false
components/layout/IdleTimeoutManager.tsx,component,94,8,1,false,false,false,false,true
components/layout/MobileHeader.tsx,component,53,7,1,false,false,false,false,true
components/layout/NavLink.test.tsx,component,52,4,0,false,false,false,false,false
components/layout/NavLink.tsx,component,29,3,1,false,false,false,false,false
components/layout/PageHeaderCard.test.tsx,component,53,4,0,false,false,false,false,false
components/layout/PageHeaderCard.tsx,component,59,3,1,false,false,false,false,true
components/layout/Sidebar.test.tsx,component,92,7,0,false,false,false,false,false
components/layout/Sidebar.tsx,component,55,5,1,false,false,false,false,true
components/layout/WaqfInfoBar.test.tsx,component,103,1,0,false,false,false,false,false
components/layout/WaqfInfoBar.tsx,component,116,8,1,false,false,false,false,true
components/layout/index.ts,component,33,0,12,false,false,false,false,false
components/layout/sidebar/SidebarBrand.tsx,component,52,3,1,false,false,false,false,false
components/layout/sidebar/SidebarNavList.tsx,component,90,5,3,false,false,false,false,false
components/layout/sidebar/SidebarUserFooter.tsx,component,74,5,1,false,false,false,false,false
components/messages/BeneficiaryConversationsList.tsx,component,62,6,1,false,false,false,false,true
components/messages/ChatArea.tsx,component,114,7,1,false,false,false,false,true
components/messages/ConversationList.tsx,component,62,7,1,false,false,false,false,true
components/messages/MessageDialogs.tsx,component,43,4,1,false,false,false,false,true
components/messages/MessageThread.tsx,component,104,8,1,false,false,false,false,true
components/messages/MessagesStatsCards.tsx,component,41,3,1,false,false,false,false,true
components/messages/NewConversationDialog.tsx,component,55,5,1,false,false,false,false,true
components/notifications/NotificationBell.test.tsx,component,81,6,0,false,false,false,false,false
components/notifications/NotificationBell.tsx,component,158,10,1,false,false,false,false,true
components/notifications/NotificationFiltersBar.tsx,component,117,7,1,false,false,false,false,true
components/notifications/NotificationStatsCards.tsx,component,43,1,1,false,false,false,false,true
components/notifications/NotificationsList.tsx,component,118,9,1,false,false,false,false,true
components/notifications/index.ts,component,12,0,5,true,false,false,false,false
components/notifications/notificationConstants.ts,component,23,1,2,false,false,false,false,false
components/properties/PropertyCard.tsx,component,145,7,1,false,false,false,false,true
components/properties/PropertyDeleteDialog.tsx,component,24,1,1,false,false,false,false,true
components/properties/PropertyFormDialog.tsx,component,68,6,1,false,false,false,false,true
components/properties/PropertySummaryCards.tsx,component,142,7,1,false,false,false,false,true
components/properties/PropertyUnitsDialog.tsx,component,164,17,1,false,false,false,false,true
components/properties/index.ts,component,9,0,5,true,false,false,false,false
components/properties/units/DeleteUnitDialog.tsx,component,44,2,1,false,false,false,false,true
components/properties/units/DesktopUnitsTable.tsx,component,148,11,1,false,false,false,false,true
components/properties/units/MobileSummaryCard.tsx,component,52,6,1,false,false,false,false,true
components/properties/units/MobileUnitCard.tsx,component,92,9,1,false,false,false,false,true
components/properties/units/UnitFormCard.tsx,component,110,8,2,false,false,false,false,true
components/properties/units/WholePropertyTab.tsx,component,167,12,2,false,false,false,false,true
components/properties/units/constants.ts,component,21,0,5,false,false,false,false,false
components/properties/units/helpers.ts,component,86,2,5,false,false,false,false,false
components/pwa/ChangelogDialog.tsx,component,68,3,2,false,false,false,false,true
components/pwa/PwaUpdateNotifier.tsx,component,86,6,1,false,false,false,false,true
components/pwa/SwUpdateBanner.test.tsx,component,116,3,0,false,false,false,false,false
components/pwa/SwUpdateBanner.tsx,component,103,5,1,false,false,false,false,true
components/pwa/__tests__/no-forced-reload.test.tsx,component,64,3,0,false,false,false,false,false
components/reports/AnnualDisclosureTable.tsx,component,176,3,1,false,false,false,false,true
components/reports/BalanceSheetReport.tsx,component,72,5,1,false,false,false,false,true
components/reports/BeneficiaryDistributionTable.tsx,component,78,4,1,false,false,false,false,true
components/reports/CashFlowChartInner.tsx,component,56,3,1,false,false,false,false,true
components/reports/CashFlowReport.tsx,component,122,8,1,false,false,false,false,true
components/reports/CashFlowTable.tsx,component,100,2,1,false,false,false,false,true
components/reports/ChangeIndicator.tsx,component,28,1,2,false,false,false,false,true
components/reports/HistoricalComparisonChartInner.tsx,component,54,4,1,false,false,false,false,true
components/reports/MonthlyPerformanceChartsInner.tsx,component,94,5,1,false,false,false,false,true
components/reports/MonthlyPerformanceReport.test.tsx,component,84,3,0,false,false,false,false,false
components/reports/MonthlyPerformanceReport.tsx,component,175,7,1,false,false,false,false,true
components/reports/OverdueMobileCard.tsx,component,49,4,1,false,false,false,false,true
components/reports/OverdueRow.tsx,component,36,5,2,false,false,false,false,true
components/reports/OverdueTenantsReport.tsx,component,151,11,1,false,false,false,false,true
components/reports/PropertyPerformanceTable.tsx,component,139,5,1,false,false,false,false,true
components/reports/ReportsChartsInner.tsx,component,64,4,1,false,false,false,false,true
components/reports/ReportsSummaryCards.tsx,component,43,3,1,false,false,false,false,true
components/reports/SeverityBadge.tsx,component,20,1,1,false,false,false,false,true
components/reports/YearOverYearComparison.test.tsx,component,87,4,0,false,false,false,false,false
components/reports/YearOverYearComparison.tsx,component,82,8,1,false,false,false,false,true
components/reports/YoYChangeCards.tsx,component,75,3,1,false,false,false,false,true
components/reports/YoYChartsSection.tsx,component,16,2,1,false,false,false,false,true
components/reports/YoYChartsSectionInner.tsx,component,140,6,2,false,false,false,false,true
components/reports/YoYComparisonTable.tsx,component,137,4,1,false,false,false,false,true
components/reports/YoYSummaryCards.tsx,component,117,6,1,false,false,false,false,true
components/reports/YoYYearSelectors.tsx,component,61,5,1,false,false,false,false,true
components/reports/ZakatEstimationReport.tsx,component,186,7,1,false,false,false,false,true
components/reports/balance-sheet/BalanceSheetSections.tsx,component,146,2,4,false,false,false,false,false
components/reports/index.ts,component,24,0,8,true,false,false,false,false
components/reports/overdueTypes.ts,component,14,0,1,false,false,false,false,false
components/search/GlobalSearch.test.tsx,component,72,3,0,false,false,false,false,false
components/search/GlobalSearch.tsx,component,113,7,1,false,false,false,false,true
components/search/SearchResults.tsx,component,63,4,1,false,false,false,false,true
components/seo/RouteHead.tsx,component,35,1,1,false,false,false,false,false
components/settings/AccountTab.tsx,component,53,4,1,false,false,false,false,true
components/settings/BankAccountTab.tsx,component,67,6,1,false,false,false,false,true
components/settings/fiscal-year/AdvanceSettingsTab.tsx,component,72,7,1,false,false,false,false,true
components/settings/fiscal-year/CascadeDeleteFiscalYearDialog.tsx,component,105,8,1,false,false,false,false,true
components/settings/fiscal-year/FiscalYearManagementTab.test.tsx,component,111,3,0,false,false,false,false,false
components/settings/fiscal-year/FiscalYearManagementTab.tsx,component,166,11,1,false,false,false,false,true
components/settings/fiscal-year/ReopenFiscalYearDialog.tsx,component,67,8,1,false,false,false,false,true
components/settings/index.ts,component,55,0,22,false,false,false,false,false
components/settings/landing/BannerSettingsTab.tsx,component,120,7,1,false,false,false,false,true
components/settings/landing/LandingPageTab.tsx,component,107,10,2,false,false,false,false,true
components/settings/landing/LandingStatsSettings.tsx,component,151,7,1,false,false,false,false,true
components/settings/landing/LogoUploadCard.tsx,component,71,4,1,false,false,false,false,true
components/settings/messaging/BulkMessagingTab.tsx,component,92,11,1,false,false,false,false,true
components/settings/messaging/BulkNotificationsTab.tsx,component,139,11,1,false,false,false,false,true
components/settings/messaging/NotificationsTab.tsx,component,127,10,1,false,false,false,false,true
components/settings/permissions/PermissionsActionBar.tsx,component,27,2,1,false,false,false,false,true
components/settings/permissions/PermissionsSummaryCards.tsx,component,37,2,1,false,false,false,false,true
components/settings/permissions/RolePermissionsMatrix.tsx,component,111,6,1,false,false,false,false,true
components/settings/permissions/SectionVisibilityCard.tsx,component,34,3,1,false,false,false,false,true
components/settings/permissions/index.ts,component,11,0,4,true,false,false,false,false
components/settings/security/AdminCapabilitiesSummary.tsx,component,156,3,1,false,false,false,false,true
components/settings/security/BiometricSettings.tsx,component,141,7,1,false,false,false,false,true
components/settings/security/PasswordTab.tsx,component,103,8,1,false,false,false,false,true
components/settings/security/PermissionsControlPanel.tsx,component,97,7,1,false,false,false,false,true
components/settings/security/RolePermissionsTab.tsx,component,111,6,1,false,false,false,false,true
components/settings/security/SecurityTab.tsx,component,46,5,1,false,false,false,false,true
components/settings/system/AppearanceTab.tsx,component,38,7,1,false,false,false,false,true
components/settings/system/DataExportTab.tsx,component,86,4,1,false,false,false,false,true
components/settings/system/MenuCustomizationTab.tsx,component,57,6,1,false,false,false,false,true
components/settings/system/SectionsTab.tsx,component,81,7,1,false,false,false,false,true
components/settings/system/SystemSettingsTab.tsx,component,134,7,1,false,false,false,false,true
components/settings/system/WaqfSettingsTab.tsx,component,71,7,1,false,false,false,false,true
components/settings/visibility/FeatureVisibilityGrid.tsx,component,161,11,1,false,false,false,false,true
components/settings/visibility/FeatureVisibilityGridRow.tsx,component,46,6,1,false,false,false,false,true
components/settings/zatca/ZatcaActions.tsx,component,117,6,1,false,false,false,false,true
components/settings/zatca/ZatcaCertExpiryWarning.tsx,component,53,4,1,false,false,false,false,true
components/settings/zatca/ZatcaConnectionStatus.tsx,component,67,4,1,false,false,false,false,true
components/settings/zatca/ZatcaFormCards.tsx,component,183,6,1,false,false,false,false,true
components/settings/zatca/ZatcaOperationsLog.tsx,component,96,8,1,false,false,false,false,true
components/settings/zatca/ZatcaPhasePlatform.tsx,component,72,3,1,false,false,false,false,true
components/settings/zatca/ZatcaSettingsTab.tsx,component,109,12,1,false,false,false,false,true
components/support/NewTicketDialog.tsx,component,67,9,1,false,false,false,false,true
components/support/SlaIndicator.tsx,component,29,3,1,false,false,false,false,true
components/support/SupportAnalyticsTab.tsx,component,153,4,1,false,false,false,false,true
components/support/SupportErrorsTab.tsx,component,116,5,1,false,false,false,false,true
components/support/SupportStatsCards.tsx,component,42,2,1,false,false,false,false,true
components/support/SupportTicketsTab.tsx,component,152,12,1,false,false,false,false,true
components/support/TicketDetailDialog.tsx,component,144,12,1,false,false,false,false,true
components/support/TicketList.tsx,component,115,8,1,false,false,false,false,true
components/support/TicketMobileCard.tsx,component,57,7,1,false,false,false,false,true
components/support/TicketViewDialog.tsx,component,176,11,1,false,false,false,false,true
components/support/index.ts,component,15,0,11,true,false,false,false,false
components/theme/ThemeColorPicker.tsx,component,68,7,1,false,false,false,false,true
components/theme/ThemeToggle.tsx,component,27,3,1,false,false,false,false,true
components/ui/accordion.tsx,component,53,4,1,false,false,false,false,false
components/ui/alert-dialog.tsx,component,105,4,1,false,false,false,false,false
components/ui/alert.tsx,component,44,3,1,false,false,false,false,false
components/ui/badge.tsx,component,30,3,2,false,false,false,false,false
components/ui/button.tsx,component,48,4,2,false,false,false,false,false
components/ui/card.tsx,component,44,2,1,false,false,false,false,false
components/ui/checkbox.tsx,component,27,4,1,false,false,false,false,false
components/ui/collapsible.tsx,component,10,1,1,false,false,false,false,false
components/ui/dialog.tsx,component,97,4,1,false,false,false,false,false
components/ui/dropdown-menu.tsx,component,180,4,1,false,false,false,false,false
components/ui/input.tsx,component,23,2,1,false,false,false,false,false
components/ui/label.tsx,component,18,4,1,false,false,false,false,false
components/ui/native-select-dialog.integration.test.tsx,component,240,6,0,false,false,false,false,false
components/ui/native-select.test.tsx,component,82,4,0,false,false,false,false,false
components/ui/native-select.tsx,component,69,3,2,false,false,false,false,false
components/ui/popover.tsx,component,30,3,1,false,false,false,false,false
components/ui/progress.tsx,component,24,3,1,false,false,false,false,false
components/ui/radio-group.tsx,component,37,4,1,false,false,false,false,false
components/ui/responsive-tabs.tsx,component,100,5,2,false,false,false,false,false
components/ui/scroll-area.tsx,component,39,3,1,false,false,false,false,false
components/ui/select.tsx,component,144,4,1,false,false,false,false,false
components/ui/separator.tsx,component,21,3,1,false,false,false,false,false
components/ui/skeleton.tsx,component,8,1,1,false,false,false,false,false
components/ui/sonner.tsx,component,30,2,1,false,false,true,false,false
components/ui/switch.tsx,component,28,3,1,false,false,false,false,false
components/ui/table.tsx,component,73,2,1,false,false,false,false,false
components/ui/tabs.tsx,component,54,3,1,false,false,false,false,false
components/ui/textarea.tsx,component,22,2,2,false,false,false,false,false
components/ui/tooltip.tsx,component,29,3,1,false,false,false,false,false
components/user-management/CreateUserForm.tsx,component,99,7,1,false,false,false,false,true
components/user-management/UserDialogs.tsx,component,157,9,3,false,false,false,false,false
components/user-management/UserMobileCard.tsx,component,81,5,1,false,false,false,false,true
components/user-management/UserRow.tsx,component,80,6,1,false,false,false,false,true
components/user-management/UserStatsCards.tsx,component,43,4,1,false,false,false,false,true
components/user-management/UsersTable.tsx,component,137,10,1,false,false,false,false,true
components/waqf-info/WaqfInfoEditDialog.tsx,component,166,9,1,false,false,false,false,true
components/waqif/WaqifChartsInner.tsx,component,54,4,1,false,false,false,false,true
components/waqif/WaqifFinancialSection.tsx,component,124,7,1,false,false,false,false,true
components/waqif/WaqifOverviewStats.tsx,component,39,2,1,false,false,false,false,true
components/waqif/WaqifQuickLinks.tsx,component,41,3,1,false,false,false,false,true
components/waqif/WaqifWelcomeCard.tsx,component,50,2,2,false,false,false,false,true
components/zatca/ZatcaCertificatesTab.tsx,component,83,5,1,false,false,false,false,true
components/zatca/ZatcaChainTab.tsx,component,80,5,1,false,false,false,false,true
components/zatca/ZatcaComplianceDialog.tsx,component,79,5,1,false,false,false,false,true
components/zatca/ZatcaHealthPanel.tsx,component,149,6,1,false,false,false,false,true
components/zatca/ZatcaInvoiceFilters.tsx,component,40,3,1,false,false,false,false,true
components/zatca/ZatcaInvoiceRow.tsx,component,168,7,2,false,false,false,false,true
components/zatca/ZatcaInvoicesTab.tsx,component,82,5,1,false,false,false,false,true
components/zatca/ZatcaSummaryCards.tsx,component,50,2,1,false,false,false,false,true
components/zatca/certificates/CertificateActions.tsx,component,103,3,1,false,false,false,false,true
components/zatca/certificates/CertificateWorkflowSteps.tsx,component,43,2,1,false,false,false,false,true
components/zatca/certificates/CertificatesTable.tsx,component,48,3,2,false,false,false,false,true
constants/beneficiaryCopy.ts,constant,119,0,12,false,false,false,false,false
constants/beneficiaryWidgets.ts,constant,24,0,2,false,false,false,false,false
constants/bottomNavLinks.ts,constant,42,2,2,false,false,false,false,false
constants/calendar.ts,constant,8,0,1,false,false,false,false,false
constants/collectionRules.ts,constant,8,0,1,false,false,false,false,false
constants/entities.ts,constant,86,0,13,false,false,false,false,false
constants/featureVisibilityRegistry.ts,constant,132,0,6,false,false,false,false,false
constants/fiscalYearIds.test.ts,test,30,2,0,false,false,false,false,false
constants/fiscalYearIds.ts,constant,26,0,7,false,false,false,false,false
constants/index.test.ts,test,57,2,0,false,false,false,false,false
constants/index.ts,constant,14,0,9,false,false,false,false,false
constants/limits.ts,constant,13,0,2,false,false,false,false,false
constants/navigation.ts,constant,186,3,20,false,false,false,false,false
constants/navigationIcons.ts,constant,19,0,1,false,false,false,false,false
constants/notificationTones.ts,constant,95,2,11,false,false,false,false,false
constants/pagination.ts,constant,36,0,7,false,false,false,false,false
constants/quickActions.ts,constant,39,2,2,false,false,false,false,false
constants/rolePermissions.ts,constant,30,0,2,false,false,false,false,false
constants/roles.ts,constant,32,1,6,false,false,false,false,false
constants/routeRegistry.ts,constant,100,1,8,false,false,false,false,false
constants/routeRoles.ts,constant,73,1,3,false,false,false,false,false
constants/sections.ts,constant,93,0,9,false,false,false,false,false
constants/settingsCategories.ts,constant,61,1,3,false,false,false,false,false
constants/storageKeys.ts,constant,57,0,2,false,false,false,false,false
constants/support.ts,constant,29,1,6,false,false,false,false,false
constants/timing.ts,constant,36,0,6,false,false,false,false,false
constants/ui.ts,constant,38,0,4,false,false,false,false,false
constants/waqf.ts,constant,6,0,1,false,false,false,false,false
contexts/AuthContext.test.tsx,test,146,6,0,false,false,false,false,false
contexts/AuthContext.tsx,context,97,9,1,false,true,false,false,false
contexts/ContractsContext.tsx,context,14,2,1,false,false,false,false,false
contexts/ContractsContextValue.ts,context,10,2,2,false,false,false,false,false
contexts/FiscalYearContext.test.tsx,test,81,4,0,false,false,false,false,false
contexts/FiscalYearContext.tsx,context,95,9,2,false,false,false,false,false
contexts/useContractsContext.ts,context,22,2,1,false,false,false,false,false
hooks/application/dashboard/useEndUserDashboardData.ts,hook-application,14,1,2,false,false,false,false,false
hooks/application/dashboard/useEndUserFinancials.ts,hook-application,63,4,1,false,false,false,false,false
hooks/application/messaging/useMessagesPage.ts,hook-application,84,5,1,false,false,true,false,false
hooks/application/messaging/useNotificationPreferences.ts,hook-application,62,5,1,false,false,false,false,false
hooks/application/useAiChat.ts,hook-application,198,3,3,false,false,false,false,false
hooks/application/useAuthPage.ts,hook-application,48,8,1,false,false,false,false,false
hooks/application/useDataExport.ts,hook-application,100,6,4,false,false,false,false,false
hooks/application/useGlobalSearch.ts,hook-application,105,9,2,false,false,false,false,false
hooks/application/useInstallAppPage.ts,hook-application,45,1,1,false,false,false,false,false
hooks/application/useLandingPage.ts,hook-application,100,6,1,false,false,false,false,false
hooks/application/useLayoutShell.ts,hook-application,72,11,1,false,false,false,false,false
hooks/application/useNavLinks.ts,hook-application,117,8,3,false,false,false,false,false
hooks/application/usePermissionCheck.ts,hook-application,53,4,1,false,false,false,false,false
hooks/application/useSecuritySettings.ts,hook-application,41,4,1,false,false,false,false,false
hooks/auth/biometric/useWebAuthn.test.ts,hook-auth,405,3,0,false,false,false,false,false
hooks/auth/biometric/useWebAuthn.ts,hook-auth,52,5,2,false,false,false,false,false
hooks/auth/biometric/useWebAuthnAuth.ts,hook-auth,92,6,1,false,true,false,false,false
hooks/auth/biometric/useWebAuthnManage.ts,hook-auth,41,3,2,false,false,false,false,false
hooks/auth/biometric/useWebAuthnRegister.ts,hook-auth,94,9,1,false,true,false,false,false
hooks/auth/flows/useAccessLogger.ts,hook-auth,28,2,2,false,false,false,false,false
hooks/auth/flows/useChangePassword.ts,hook-auth,29,4,1,false,true,false,false,false
hooks/auth/flows/useFieldErrors.ts,hook-auth,48,2,2,false,false,false,false,false
hooks/auth/flows/useLoginForm.ts,hook-auth,129,11,1,false,false,false,false,false
hooks/auth/flows/usePasswordResetRequest.ts,hook-auth,39,5,1,false,true,false,false,false
hooks/auth/flows/useResetPassword.ts,hook-auth,83,4,1,false,true,false,false,false
hooks/auth/role/useRoleRedirect.ts,hook-auth,43,3,1,false,false,false,false,false
hooks/auth/role/useUserManagement.ts,hook-auth,134,7,2,false,false,false,false,false
hooks/auth/role/useUserManagementData.ts,hook-auth,87,6,5,false,true,false,false,false
hooks/auth/role/useUserManagementForms.ts,hook-auth,65,2,4,false,false,false,false,false
hooks/auth/role/useUserManagementMutations.ts,hook-auth,120,4,8,false,false,false,false,false
hooks/auth/session/useAuthCleanup.test.ts,hook-auth,97,7,0,false,false,true,false,false
hooks/auth/session/useAuthCleanup.ts,hook-auth,38,5,1,false,false,false,false,false
hooks/auth/session/useAuthContext.ts,hook-auth,70,4,9,false,false,false,false,false
hooks/auth/session/useAuthListener.ts,hook-auth,167,8,2,false,true,false,false,false
hooks/auth/session/useFiscalYearPersistence.ts,hook-auth,50,5,1,false,false,false,false,false
hooks/auth/session/useLogoutFlow.ts,hook-auth,25,4,1,false,false,false,false,false
hooks/auth/session/useResolvedFiscalYear.ts,hook-auth,70,5,2,false,false,false,false,false
hooks/auth/session/useSessionExpiry.ts,hook-auth,69,2,1,false,false,false,false,false
hooks/data/audit/auditLogFilter.test.ts,hook-data,64,2,0,false,false,false,false,false
hooks/data/audit/useAccessLog.test.ts,hook-data,62,1,0,false,false,false,false,false
hooks/data/audit/useAccessLogTab.ts,hook-data,83,4,5,false,true,false,false,false
hooks/data/audit/useArchiveLog.ts,hook-data,54,4,3,false,true,false,false,false
hooks/data/audit/useAuditLog.test.ts,hook-data,110,5,0,false,false,false,false,false
hooks/data/audit/useAuditLog.ts,hook-data,65,4,3,false,true,false,false,false
hooks/data/audit/useAuditLogStats.ts,hook-data,51,4,2,false,true,false,false,false
hooks/data/audit/useClientErrors.ts,hook-data,35,3,2,false,true,false,false,false
hooks/data/audit/useLogAccessEvent.ts,hook-data,24,2,2,false,false,false,false,false
hooks/data/auth/useWebAuthnCredentials.ts,hook-data,123,6,4,false,true,false,false,false
hooks/data/beneficiaries/useBeneficiaries.test.ts,hook-data,36,2,0,false,false,false,false,false
hooks/data/beneficiaries/useBeneficiaries.ts,hook-data,99,9,6,false,true,false,false,false
hooks/data/beneficiaries/useBeneficiaryUsers.ts,hook-data,28,4,1,false,true,false,false,false
hooks/data/beneficiaries/useMyBeneficiaryProfile.ts,hook-data,22,2,1,false,true,false,false,false
hooks/data/beneficiaries/useMyDistributions.ts,hook-data,29,3,1,false,true,false,false,false
hooks/data/beneficiaries/useUpdateBeneficiarySelf.ts,hook-data,30,2,2,false,false,false,false,false
hooks/data/content/useAnnualReport.ts,hook-data,109,4,9,false,false,false,false,false
hooks/data/content/useBylaws.test.ts,hook-data,101,2,0,false,false,false,false,false
hooks/data/content/useBylaws.ts,hook-data,57,5,7,false,false,false,false,false
hooks/data/content/usePublicStats.ts,hook-data,46,3,1,false,false,false,false,false
hooks/data/content/usePublishedFiscalYears.ts,hook-data,20,2,1,false,true,false,false,false
hooks/data/contracts/index.ts,hook-data,7,0,5,false,false,false,false,false
hooks/data/contracts/useContracts.test.ts,hook-data,42,2,0,false,false,false,false,false
hooks/data/contracts/useContracts.ts,hook-data,84,6,7,false,true,false,false,false
hooks/data/contracts/useContractsForPdf.ts,hook-data,30,2,2,false,true,false,false,false
hooks/data/contracts/useTenantPayments.test.ts,hook-data,119,5,0,false,false,false,false,false
hooks/data/contracts/useTenantPayments.ts,hook-data,70,4,2,false,true,false,false,false
hooks/data/contracts/useWholePropertyRental.ts,hook-data,68,4,2,false,false,false,false,false
hooks/data/core/crud/useCrudMutations.ts,hook-data,106,6,1,false,true,false,false,false
hooks/data/core/crud/useListQuery.ts,hook-data,116,6,1,false,true,false,false,false
hooks/data/core/index.ts,hook-data,7,0,6,false,false,false,false,false
hooks/data/core/inferMutationArg.ts,hook-data,34,0,2,false,false,false,false,false
hooks/data/core/useCrudFactory.test.ts,hook-data,140,7,0,false,false,true,false,false
hooks/data/core/useCrudFactory.ts,hook-data,48,4,2,false,false,false,false,false
hooks/data/core/useDashboardRealtime.ts,hook-data,89,3,1,false,false,false,false,false
hooks/data/core/usePrefetchPages.ts,hook-data,172,8,1,false,true,false,false,false
hooks/data/core/useRetryQueries.ts,hook-data,19,3,1,false,false,false,false,false
hooks/data/dashboard/types.ts,hook-data,101,0,1,false,false,false,false,false
hooks/data/dashboard/useBeneficiaryDashboardRpc.ts,hook-data,36,6,1,false,false,false,false,false
hooks/data/dashboard/useDashboardPrefetch.ts,hook-data,66,7,1,false,false,false,false,false
hooks/data/email/useEmailMonitor.ts,hook-data,65,3,4,false,true,false,false,false
hooks/data/financial/accounts/useAccountCategories.ts,hook-data,63,3,7,false,false,false,false,false
hooks/data/financial/accounts/useAccounts.test.ts,hook-data,134,8,0,false,true,true,false,false
hooks/data/financial/accounts/useAccounts.ts,hook-data,62,6,6,false,true,false,false,false
hooks/data/financial/advances/useAdvanceQueries.ts,hook-data,84,4,4,false,true,false,false,false
hooks/data/financial/advances/useAdvanceRequests.test.ts,hook-data,82,4,0,false,false,false,false,false
hooks/data/financial/advances/useAdvanceRequests.ts,hook-data,116,4,6,false,true,false,false,false
hooks/data/financial/advances/useDistributionAdvances.ts,hook-data,45,3,2,false,true,false,false,false
hooks/data/financial/advances/useMaxAdvanceAmount.ts,hook-data,44,2,2,false,false,false,false,false
hooks/data/financial/contracts/useContractAllocations.test.ts,hook-data,43,6,0,false,true,false,false,false
hooks/data/financial/contracts/useContractAllocations.ts,hook-data,76,7,3,false,true,false,false,false
hooks/data/financial/dashboard/useDashboardSummary.ts,hook-data,122,8,3,false,true,false,false,false
hooks/data/financial/dashboard/useTotalBeneficiaryPercentage.test.ts,hook-data,58,6,0,false,true,false,false,false
hooks/data/financial/dashboard/useTotalBeneficiaryPercentage.ts,hook-data,29,5,1,false,false,false,false,false
hooks/data/financial/distribution/useDisbursementVouchers.ts,hook-data,71,5,6,false,true,false,false,false
hooks/data/financial/distribution/useDistribute.test.ts,hook-data,58,6,0,false,true,false,false,false
hooks/data/financial/distribution/useDistribute.ts,hook-data,74,3,1,false,false,false,false,false
hooks/data/financial/distribution/useDistributionHistory.ts,hook-data,48,3,2,false,true,false,false,false
hooks/data/financial/expenses/useExpenseBudgets.ts,hook-data,55,4,3,false,true,false,false,false
hooks/data/financial/expenses/useExpenses.test.ts,hook-data,39,2,0,false,false,false,false,false
hooks/data/financial/expenses/useExpenses.ts,hook-data,57,7,6,false,true,false,false,false
hooks/data/financial/fiscalYears/useCloseFiscalYear.ts,hook-data,45,2,1,false,false,false,false,false
hooks/data/financial/fiscalYears/useFiscalYearSummary.ts,hook-data,88,4,3,false,true,false,false,false
hooks/data/financial/fiscalYears/useFiscalYears.test.ts,hook-data,38,3,0,false,false,false,false,false
hooks/data/financial/fiscalYears/useFiscalYears.ts,hook-data,41,7,3,false,true,false,false,false
hooks/data/financial/fiscalYears/useMultiYearSummary.ts,hook-data,31,5,2,false,false,false,false,false
hooks/data/financial/fiscalYears/useYearComparisonData.ts,hook-data,96,7,1,false,false,false,false,false
hooks/data/financial/income/useIncome.test.ts,hook-data,40,2,0,false,false,false,false,false
hooks/data/financial/income/useIncome.ts,hook-data,57,7,6,false,true,false,false,false
hooks/data/financial/income/useIncomeComparison.ts,hook-data,44,3,3,false,true,false,false,false
hooks/data/invoices/useInvoiceFileUtils.ts,hook-data,109,2,5,false,true,false,false,false
hooks/data/invoices/useInvoices.test.ts,hook-data,67,2,0,false,false,false,false,false
hooks/data/invoices/useInvoices.ts,hook-data,115,7,12,false,false,false,false,false
hooks/data/invoices/usePaymentInvoices.test.ts,hook-data,97,5,0,false,false,false,false,false
hooks/data/invoices/usePaymentInvoices.ts,hook-data,160,6,9,false,true,false,false,false
hooks/data/messaging/useBulkMessaging.ts,hook-data,28,2,1,false,true,false,false,false
hooks/data/messaging/useMessaging.test.ts,hook-data,102,5,0,false,false,false,false,false
hooks/data/messaging/useMessaging.ts,hook-data,150,9,5,false,false,false,false,false
hooks/data/messaging/useUnreadMessages.ts,hook-data,32,4,1,false,true,false,false,false
hooks/data/notifications/useNotificationActions.test.ts,hook-data,145,7,0,false,false,true,false,false
hooks/data/notifications/useNotificationActions.ts,hook-data,165,8,1,false,true,false,false,false
hooks/data/notifications/useNotificationBeneficiaries.ts,hook-data,29,2,1,false,true,false,false,false
hooks/data/notifications/useNotifications.test.ts,hook-data,47,1,0,false,false,false,false,false
hooks/data/notifications/useNotifications.ts,hook-data,83,10,5,false,true,false,false,false
hooks/data/notifications/usePushNotifications.test.ts,hook-data,49,2,0,false,false,false,false,false
hooks/data/notifications/usePushNotifications.ts,hook-data,49,1,1,false,false,false,false,false
hooks/data/properties/useProperties.test.ts,hook-data,31,2,0,false,false,false,false,false
hooks/data/properties/useProperties.ts,hook-data,24,3,5,false,false,false,false,false
hooks/data/properties/usePropertiesMap.ts,hook-data,25,3,1,false,true,false,false,false
hooks/data/properties/usePropertyVatSync.ts,hook-data,28,2,2,false,false,false,false,false
hooks/data/properties/useUnits.test.ts,hook-data,64,2,0,false,false,false,false,false
hooks/data/properties/useUnits.ts,hook-data,77,6,9,false,true,false,false,false
hooks/data/settings/app/appSettingsUtils.ts,hook-data,33,2,3,false,false,false,false,false
hooks/data/settings/app/useAppSettings.test.ts,hook-data,67,2,0,false,false,false,false,false
hooks/data/settings/app/useAppSettings.ts,hook-data,36,4,4,false,false,false,false,false
hooks/data/settings/app/useAppSettingsHistory.ts,hook-data,59,2,2,false,true,false,false,false
hooks/data/settings/app/useAppSettingsRead.ts,hook-data,58,4,4,false,false,false,false,false
hooks/data/settings/app/useAppSettingsWrite.ts,hook-data,67,6,1,false,false,false,false,false
hooks/data/settings/appearance/useAppearanceSettings.test.ts,hook-data,41,3,0,false,false,false,false,false
hooks/data/settings/appearance/useAppearanceSettings.ts,hook-data,45,2,5,false,false,false,false,false
hooks/data/settings/appearance/useBannerSettings.test.ts,hook-data,44,4,0,false,false,false,false,false
hooks/data/settings/appearance/useBannerSettings.ts,hook-data,39,3,3,false,false,false,false,false
hooks/data/settings/index.ts,hook-data,13,0,10,false,false,false,false,false
hooks/data/settings/notifications/useBeneficiaryWidgets.test.ts,hook-data,51,4,0,false,false,false,false,false
hooks/data/settings/notifications/useBeneficiaryWidgets.ts,hook-data,45,4,3,false,false,false,false,false
hooks/data/settings/notifications/useNotificationSettings.ts,hook-data,37,3,2,false,false,false,false,false
hooks/data/settings/permissions/useFeatureVisibility.test.ts,hook-data,40,4,0,false,false,false,false,false
hooks/data/settings/permissions/useFeatureVisibility.ts,hook-data,59,3,3,false,false,false,false,false
hooks/data/settings/permissions/useRegistrationEnabled.ts,hook-data,23,3,1,false,true,false,false,false
hooks/data/settings/permissions/useRolePermissions.test.ts,hook-data,53,4,0,false,false,false,false,false
hooks/data/settings/permissions/useRolePermissions.ts,hook-data,35,3,1,false,false,false,false,false
hooks/data/settings/permissions/useSectionsVisibility.test.ts,hook-data,50,4,0,false,false,false,false,false
hooks/data/settings/permissions/useSectionsVisibility.ts,hook-data,39,4,1,false,false,false,false,false
hooks/data/settings/waqf/usePdfWaqfInfo.test.ts,hook-data,71,4,0,false,false,false,false,false
hooks/data/settings/waqf/usePdfWaqfInfo.ts,hook-data,30,3,1,false,false,false,false,false
hooks/data/settings/waqf/useWaqfInfo.test.ts,hook-data,96,5,0,false,true,false,false,false
hooks/data/settings/waqf/useWaqfInfo.ts,hook-data,48,4,2,false,false,false,false,false
hooks/data/support/useSupportAnalytics.ts,hook-data,64,4,4,false,true,false,false,false
hooks/data/support/useSupportTicketMutations.ts,hook-data,66,4,4,false,false,false,false,false
hooks/data/support/useSupportTickets.test.ts,hook-data,201,4,0,false,false,false,false,false
hooks/data/support/useSupportTickets.ts,hook-data,98,3,9,false,true,false,false,false
hooks/data/users/useUserRoleCounts.ts,hook-data,32,2,2,false,true,false,false,false
hooks/data/zatca/useZatcaCertificates.ts,hook-data,26,4,2,false,false,false,false,false
hooks/data/zatca/useZatcaInvoiceActions.ts,hook-data,59,3,1,false,false,false,false,false
hooks/data/zatca/useZatcaInvoices.ts,hook-data,55,5,2,false,false,false,false,false
hooks/data/zatca/useZatcaManagement.ts,hook-data,57,5,1,false,false,false,false,false
hooks/data/zatca/useZatcaOnboarding.ts,hook-data,38,4,1,false,false,false,false,false
hooks/data/zatca/useZatcaOnboardingReadiness.ts,hook-data,25,3,1,false,false,false,false,false
hooks/data/zatca/useZatcaOperationLog.ts,hook-data,36,2,2,false,true,false,false,false
hooks/domain/financial/financialIntegration.test.ts,hook-domain,262,5,0,false,false,false,false,false
hooks/domain/financial/useAccountsActions.ts,hook-domain,185,9,1,false,false,false,false,false
hooks/domain/financial/useAccountsCalculations.ts,hook-domain,168,5,1,false,false,false,false,false
hooks/domain/financial/useAccountsData.ts,hook-domain,74,13,1,false,false,false,false,false
hooks/domain/financial/useAccountsEditing.ts,hook-domain,141,6,1,false,false,false,false,false
hooks/domain/financial/useAccountsSettings.ts,hook-domain,161,7,1,false,false,false,false,false
hooks/domain/financial/useAdvanceCalculations.ts,hook-domain,40,4,2,false,false,false,false,false
hooks/domain/financial/useComputedFinancials.test.ts,hook-domain,683,5,0,false,false,false,false,false
hooks/domain/financial/useComputedFinancials.ts,hook-domain,152,7,1,false,false,false,false,false
hooks/domain/financial/useContractAllocationMap.ts,hook-domain,41,4,1,false,false,false,false,false
hooks/domain/financial/useDistributionCalculation.ts,hook-domain,54,4,1,false,false,false,false,false
hooks/domain/financial/useIncomeComparison.ts,hook-domain,28,3,2,false,false,false,false,false
hooks/domain/financial/useMyShare.test.ts,hook-domain,165,5,0,false,false,false,false,false
hooks/domain/financial/useMyShare.ts,hook-domain,58,4,1,false,false,false,false,false
hooks/domain/financial/usePropertyFinancials.test.ts,hook-domain,86,2,0,false,false,false,false,false
hooks/domain/financial/usePropertyFinancials.ts,hook-domain,164,1,2,false,false,false,false,false
hooks/domain/financial/usePropertyPerformance.ts,hook-domain,102,2,3,false,false,false,false,false
hooks/domain/financial/useRawFinancialData.test.ts,hook-domain,98,4,0,false,false,false,false,false
hooks/domain/financial/useRawFinancialData.ts,hook-domain,33,6,1,false,false,false,false,false
hooks/page/admin/accounts/useAdvanceRequestsState.test.ts,hook-page,118,2,0,false,false,false,false,false
hooks/page/admin/accounts/useAdvanceRequestsState.ts,hook-page,102,6,2,false,false,false,false,false
hooks/page/admin/activeContractsFilter.test.ts,hook-page,39,2,0,false,false,false,false,false
hooks/page/admin/activeContractsFilter.ts,hook-page,23,0,2,false,false,false,false,false
hooks/page/admin/contracts/useCollectionAlerts.ts,hook-page,30,3,1,false,false,false,false,false
hooks/page/admin/contracts/useContractDelete.ts,hook-page,106,5,1,false,false,false,false,false
hooks/page/admin/contracts/useContractForm.ts,hook-page,86,6,1,false,false,false,false,false
hooks/page/admin/contracts/useContractFormDialog.ts,hook-page,126,7,1,false,false,false,false,false
hooks/page/admin/contracts/useContractFormSubmit.ts,hook-page,144,15,1,false,false,false,false,false
hooks/page/admin/contracts/useContractsBulkRenew.ts,hook-page,96,5,1,false,false,false,false,false
hooks/page/admin/contracts/useContractsFilters.test.ts,hook-page,149,4,0,false,false,false,false,false
hooks/page/admin/contracts/useContractsFilters.ts,hook-page,132,4,2,false,false,false,false,false
hooks/page/admin/contracts/useContractsPage.ts,hook-page,147,20,1,false,false,false,false,false
hooks/page/admin/dashboard/useAccountantDashboardData.ts,hook-page,151,3,4,false,false,false,false,false
hooks/page/admin/dashboard/useAdminDashboardData.ts,hook-page,137,6,2,false,false,false,false,false
hooks/page/admin/dashboard/useAdminDashboardPage.ts,hook-page,138,10,2,false,false,false,false,false
hooks/page/admin/dashboard/useAdminDashboardStats.ts,hook-page,151,8,1,false,false,false,false,false
hooks/page/admin/dashboard/useAggregatedAnnualReport.ts,hook-page,170,16,1,false,true,false,false,false
hooks/page/admin/dashboard/useFiscalYearWidget.ts,hook-page,62,2,2,false,false,false,false,false
hooks/page/admin/dashboard/usePagePerformanceCard.ts,hook-page,77,2,2,false,false,false,false,false
hooks/page/admin/dashboard/useSupportDashboardPage.ts,hook-page,139,6,2,false,false,false,false,false
hooks/page/admin/financial/useAccountsExports.ts,hook-page,127,4,1,false,false,false,false,false
hooks/page/admin/financial/useAccountsExtras.ts,hook-page,35,5,1,false,false,false,false,false
hooks/page/admin/financial/useAccountsPage.ts,hook-page,173,7,1,false,false,false,false,false
hooks/page/admin/financial/useCollectionData.test.ts,hook-page,197,6,0,false,false,false,false,false
hooks/page/admin/financial/useCollectionData.ts,hook-page,88,5,2,false,false,false,false,false
hooks/page/admin/financial/useCreateInvoiceForm.ts,hook-page,181,4,3,false,false,false,false,false
hooks/page/admin/financial/useDistributionsPage.test.ts,hook-page,76,2,0,false,false,false,false,false
hooks/page/admin/financial/useDistributionsPage.ts,hook-page,69,4,1,false,false,false,false,false
hooks/page/admin/financial/useExpensesPage.test.ts,hook-page,113,4,0,false,false,false,false,false
hooks/page/admin/financial/useExpensesPage.ts,hook-page,195,19,2,false,false,false,false,false
hooks/page/admin/financial/useFiscalYearManagement.test.ts,hook-page,129,4,0,false,false,false,false,false
hooks/page/admin/financial/useFiscalYearManagement.ts,hook-page,178,8,1,false,false,false,false,false
hooks/page/admin/financial/useIncomePage.ts,hook-page,190,21,2,false,false,false,false,false
hooks/page/admin/financial/useInvoiceFileUpload.ts,hook-page,60,2,1,false,false,false,false,false
hooks/page/admin/financial/useInvoiceFormState.ts,hook-page,53,2,2,false,false,false,false,false
hooks/page/admin/financial/useInvoicePreviewBuilder.ts,hook-page,72,6,1,false,false,false,false,false
hooks/page/admin/financial/useInvoiceSubmit.ts,hook-page,119,4,1,false,false,false,false,false
hooks/page/admin/financial/useInvoicesExport.ts,hook-page,126,8,1,false,false,false,false,false
hooks/page/admin/financial/useInvoicesFilters.ts,hook-page,37,2,1,false,false,false,false,false
hooks/page/admin/financial/useInvoicesPage.test.ts,hook-page,59,1,0,false,false,false,false,false
hooks/page/admin/financial/useInvoicesPage.ts,hook-page,155,17,1,false,false,false,false,false
hooks/page/admin/financial/useOverdueSplit.ts,hook-page,38,2,1,false,false,false,false,false
hooks/page/admin/financial/usePaymentInvoiceActions.test.ts,hook-page,102,2,0,false,false,false,false,false
hooks/page/admin/financial/usePaymentInvoiceActions.ts,hook-page,99,3,1,false,false,false,false,false
hooks/page/admin/financial/usePaymentInvoicesTab.ts,hook-page,171,12,2,false,false,false,false,false
hooks/page/admin/financial/useUnifiedInvoices.ts,hook-page,77,5,1,false,false,false,false,false
hooks/page/admin/financial/useVoucherActions.ts,hook-page,130,6,4,false,false,true,false,false
hooks/page/admin/management/useAuditLogPage.ts,hook-page,94,6,1,false,false,false,false,false
hooks/page/admin/management/useBeneficiariesPage.test.ts,hook-page,116,4,0,false,false,false,false,false
hooks/page/admin/management/useBeneficiariesPage.ts,hook-page,137,9,1,false,false,false,false,false
hooks/page/admin/management/useBulkNotifications.ts,hook-page,94,4,1,false,false,false,false,false
hooks/page/admin/management/useBylawsForms.ts,hook-page,55,2,2,false,false,false,false,false
hooks/page/admin/management/useBylawsPage.ts,hook-page,179,8,1,false,false,false,false,false
hooks/page/admin/management/useChartOfAccountsPage.ts,hook-page,170,5,1,false,false,false,false,false
hooks/page/admin/management/useEmailMonitorActions.ts,hook-page,60,5,1,false,false,true,false,false
hooks/page/admin/management/useEmailMonitorPage.ts,hook-page,136,3,5,false,false,false,false,false
hooks/page/admin/management/usePropertiesPage.ts,hook-page,76,10,1,false,false,false,false,false
hooks/page/admin/management/useSettingsPage.ts,hook-page,22,3,1,false,false,false,false,false
hooks/page/admin/management/useSystemDiagnostics.ts,hook-page,100,6,1,false,false,false,false,false
hooks/page/admin/management/useZatcaManagementPage.ts,hook-page,93,5,1,false,false,false,false,false
hooks/page/admin/management/useZatcaSettings.ts,hook-page,34,3,3,false,false,false,false,false
hooks/page/admin/management/zatca/useZatcaCertExpiry.ts,hook-page,33,2,3,false,false,false,false,false
hooks/page/admin/management/zatca/useZatcaCompliance.ts,hook-page,119,4,2,false,false,false,false,false
hooks/page/admin/management/zatca/useZatcaForm.ts,hook-page,76,7,2,false,false,false,false,false
hooks/page/admin/messaging/useBulkMessageSender.ts,hook-page,93,7,1,false,true,false,false,false
hooks/page/admin/properties/usePropertiesFilters.ts,hook-page,53,3,1,false,false,false,false,false
hooks/page/admin/properties/usePropertiesForm.ts,hook-page,104,7,1,false,false,false,false,false
hooks/page/admin/properties/usePropertiesSummary.ts,hook-page,127,15,1,false,false,false,false,false
hooks/page/admin/properties/usePropertyUnits.ts,hook-page,75,10,1,false,false,false,false,false
hooks/page/admin/properties/useUnitMutations.ts,hook-page,135,8,1,false,false,false,false,false
hooks/page/admin/reports/useAnnualReportExport.ts,hook-page,59,4,1,false,false,false,false,false
hooks/page/admin/reports/useAnnualReportPage.ts,hook-page,179,14,1,false,false,false,false,false
hooks/page/admin/reports/useHistoricalComparison.ts,hook-page,134,5,1,false,false,false,false,false
hooks/page/admin/reports/useReportsData.ts,hook-page,178,13,1,false,false,false,false,false
hooks/page/admin/reports/useReportsExport.ts,hook-page,131,2,2,false,false,false,false,false
hooks/page/admin/reports/useYearComparisonState.ts,hook-page,134,6,1,false,false,false,false,false
hooks/page/admin/settings/useAdvanceSettingsTab.ts,hook-page,48,2,2,false,false,false,false,false
hooks/page/admin/settings/useAppearanceTab.ts,hook-page,19,2,1,false,false,false,false,false
hooks/page/admin/settings/useBannerSettingsTab.ts,hook-page,22,3,1,false,false,false,false,false
hooks/page/admin/settings/useBiometricSettings.ts,hook-page,16,2,1,false,false,false,false,false
hooks/page/admin/settings/useLandingPageTab.ts,hook-page,34,3,1,false,false,false,false,false
hooks/page/admin/settings/useLandingStatsSettings.ts,hook-page,97,3,5,false,false,false,false,false
hooks/page/admin/settings/useLogoUpload.ts,hook-page,88,5,1,false,false,false,false,false
hooks/page/admin/settings/useMenuCustomizationTab.ts,hook-page,51,3,2,false,false,false,false,false
hooks/page/admin/settings/usePermissionsControlPanel.ts,hook-page,137,13,2,false,false,false,false,false
hooks/page/admin/settings/useRolePermissionsTab.ts,hook-page,40,6,1,false,false,false,false,false
hooks/page/admin/settings/useSystemSettingsTab.ts,hook-page,77,5,4,false,false,false,false,false
hooks/page/admin/settings/useWaqfInfoSave.ts,hook-page,59,5,1,false,false,false,false,false
hooks/page/admin/settings/useWaqfSettingsTab.ts,hook-page,87,4,4,false,false,false,false,false
hooks/page/beneficiary/dashboard/useBeneficiaryDashboardPage.ts,hook-page,152,13,1,false,false,false,false,false
hooks/page/beneficiary/financial/useAccountsViewPage.ts,hook-page,73,13,1,false,false,false,false,false
hooks/page/beneficiary/financial/useCarryforwardData.ts,hook-page,48,6,1,false,false,false,false,false
hooks/page/beneficiary/financial/useDisclosurePage.ts,hook-page,137,16,1,false,false,false,false,false
hooks/page/beneficiary/financial/useExpensesViewPage.ts,hook-page,129,14,2,false,false,false,false,false
hooks/page/beneficiary/financial/useFinancialReportsPage.ts,hook-page,94,12,1,false,false,false,false,false
hooks/page/beneficiary/financial/useInvoicesViewPage.ts,hook-page,137,13,2,false,false,false,false,false
hooks/page/beneficiary/financial/useMySharePage.ts,hook-page,115,14,1,false,false,false,false,false
hooks/page/beneficiary/financial/useMySharePdfHandlers.ts,hook-page,170,5,1,false,false,false,false,false
hooks/page/beneficiary/index.ts,hook-page,24,0,17,true,false,false,false,false
hooks/page/beneficiary/messaging/useBeneficiaryMessages.ts,hook-page,91,5,1,false,false,true,false,false
hooks/page/beneficiary/messaging/useSupportPage.ts,hook-page,28,2,1,false,false,false,false,false
hooks/page/beneficiary/notifications/useNotificationsPage.ts,hook-page,91,7,1,false,false,false,false,false
hooks/page/beneficiary/settings/useBankAccountTab.ts,hook-page,48,4,1,false,false,false,false,false
hooks/page/beneficiary/settings/useBeneficiarySettingsPage.ts,hook-page,34,4,1,false,false,false,false,false
hooks/page/beneficiary/views/useAnnualReportViewPage.ts,hook-page,123,17,1,false,false,false,false,false
hooks/page/beneficiary/views/useBylawsViewPage.ts,hook-page,68,5,1,false,false,false,false,false
hooks/page/beneficiary/views/useContractsViewPage.ts,hook-page,95,10,1,false,false,false,false,false
hooks/page/beneficiary/views/usePropertiesAggregateMaps.ts,hook-page,55,1,1,false,false,false,false,false
hooks/page/beneficiary/views/usePropertiesViewPage.ts,hook-page,166,16,1,false,false,false,false,false
hooks/page/waqif/useWaqifDashboardPage.ts,hook-page,124,20,1,false,false,false,false,false
hooks/ui/useChartReady.ts,hook-ui,61,1,1,false,false,false,false,false
hooks/ui/useClickOutside.ts,hook-ui,21,1,1,false,false,false,false,false
hooks/ui/useDebouncedValue.ts,hook-ui,14,1,1,false,false,false,false,false
hooks/ui/useGreeting.ts,hook-ui,46,1,2,false,false,false,false,false
hooks/ui/useIdleTimeout.test.ts,hook-ui,125,3,0,false,false,false,false,false
hooks/ui/useIdleTimeout.ts,hook-ui,120,1,1,false,false,false,false,false
hooks/ui/useIsMobile.ts,hook-ui,27,1,1,false,false,false,false,false
hooks/ui/useIsMountedRef.ts,hook-ui,17,1,1,false,false,false,false,false
hooks/ui/useKeyboardShortcut.ts,hook-ui,37,1,1,false,false,false,false,false
hooks/ui/useMobileSidebarFocusTrap.ts,hook-ui,53,1,1,false,false,false,false,false
hooks/ui/useNotificationSounds.ts,hook-ui,56,4,1,false,false,false,false,false
hooks/ui/useNotificationVisibilityPrefs.ts,hook-ui,59,3,1,false,false,false,false,false
hooks/ui/useOfflineDetect.ts,hook-ui,22,1,1,false,false,false,false,false
hooks/ui/usePagePerformance.ts,hook-ui,52,5,1,false,false,false,false,false
hooks/ui/usePrint.ts,hook-ui,27,2,1,false,false,false,false,false
hooks/ui/usePwaInstall.ts,hook-ui,38,2,1,false,false,false,false,false
hooks/ui/useSidebarSwipe.ts,hook-ui,143,1,1,false,false,false,false,false
hooks/ui/useSyncedFormState.ts,hook-ui,22,1,1,false,false,false,false,false
hooks/ui/useTableSort.ts,hook-ui,24,2,1,false,false,false,false,false
integrations/supabase/client.ts,integration,17,2,1,false,true,false,false,false
integrations/supabase/types.ts,integration,2610,0,8,false,false,false,false,false
integrations/supabase/viewHelper.ts,integration,17,2,1,false,false,false,false,false
lib/api/invoke.test.ts,lib,76,3,0,false,false,false,false,false
lib/api/invoke.ts,lib,159,6,3,false,true,false,false,false
lib/api/rpc.test.ts,lib,89,2,0,false,false,false,false,false
lib/api/rpc.ts,lib,90,5,3,false,true,false,false,false
lib/api/schemas/dashboardSummary.ts,lib,119,1,2,false,false,false,false,false
lib/api/schemas/index.ts,lib,24,3,3,false,false,false,false,false
lib/api/schemas/schemas.test.ts,lib,86,3,0,false,false,false,false,false
lib/api/schemas/supportAnalytics.ts,lib,24,1,2,false,false,false,false,false
lib/auth/fetchUserRole.ts,lib,30,2,2,false,true,false,false,false
lib/auth/nationalIdLogin.ts,lib,148,9,1,false,true,false,false,false
lib/auth/webAuthnErrors.ts,lib,93,3,4,false,false,false,false,false
lib/cn.test.ts,lib,26,2,0,false,false,false,false,false
lib/cn.ts,lib,7,2,1,false,false,false,false,false
lib/componentPrefetch.ts,lib,66,1,1,false,false,false,false,false
lib/contracts/invoiceSync.ts,lib,49,1,5,false,false,false,false,false
lib/diagnostics/checks/appSettings.ts,lib,47,3,3,false,false,false,false,false
lib/diagnostics/checks/cardConsistency.ts,lib,189,3,6,false,false,false,false,false
lib/diagnostics/checks/database.ts,lib,42,2,3,false,false,false,false,false
lib/diagnostics/checks/financial.ts,lib,123,3,5,false,true,false,false,false
lib/diagnostics/checks/numericalAudit.test.ts,lib,187,2,0,false,false,false,false,false
lib/diagnostics/checks/numericalAudit.ts,lib,146,2,4,false,false,false,false,false
lib/diagnostics/checks/performance.ts,lib,109,2,5,false,false,false,false,false
lib/diagnostics/checks/security.ts,lib,27,1,2,false,false,false,false,false
lib/diagnostics/checks/storage.ts,lib,86,2,6,false,false,false,false,false
lib/diagnostics/checks/ui.ts,lib,48,1,3,false,false,false,false,false
lib/diagnostics/checks/zatca.test.ts,lib,186,3,0,false,false,false,false,false
lib/diagnostics/checks/zatca.ts,lib,189,2,7,false,false,false,false,false
lib/diagnostics/checks.test.ts,lib,290,1,0,false,false,false,false,false
lib/diagnostics/checks.ts,lib,117,11,14,false,false,false,false,false
lib/diagnostics/sanitize.test.ts,lib,31,2,0,false,false,false,false,false
lib/diagnostics/sanitize.ts,lib,20,0,1,false,false,false,false,false
lib/diagnostics/sanitizeErrorMetadata.ts,lib,57,0,2,false,false,false,false,false
lib/diagnostics/types.ts,lib,17,0,3,false,false,false,false,false
lib/diagnostics/varianceReport.test.ts,lib,60,2,0,false,false,false,false,false
lib/diagnostics/varianceReport.ts,lib,79,0,6,false,false,false,false,false
lib/errorReporter.ts,lib,77,4,1,false,true,false,false,false
lib/hooks/useNowClock.ts,lib,21,1,1,false,false,false,false,false
lib/hooks/useStableRef.ts,lib,26,1,1,false,false,false,false,false
lib/initQueryMonitoring.ts,lib,53,2,1,false,false,false,false,false
lib/lazyWithRetry.test.ts,lib,31,1,0,false,false,false,false,false
lib/lazyWithRetry.ts,lib,37,2,1,false,false,false,false,false
lib/logger.ts,lib,40,1,1,false,false,false,true,false
lib/messages/index.ts,lib,3,0,2,true,false,false,false,false
lib/messages/pdfMessages.ts,lib,8,0,1,false,false,false,false,false
lib/messages/saveMessages.ts,lib,8,0,1,false,false,false,false,false
lib/monitoring/index.ts,lib,32,0,3,false,false,false,false,false
lib/monitoring/pageMonitor.ts,lib,113,2,10,false,false,false,false,false
lib/monitoring/payloadMonitor.ts,lib,40,1,3,false,false,false,false,false
lib/monitoring/queryMonitor.ts,lib,81,1,6,false,false,false,false,false
lib/monitoring/webVitals.ts,lib,58,1,3,false,false,false,false,false
lib/navigation/isActiveLink.test.ts,lib,37,2,0,false,false,false,false,false
lib/navigation/isActiveLink.ts,lib,17,0,1,false,false,false,false,false
lib/notifications/beneficiaryNotificationVisibility.test.ts,lib,76,2,0,false,false,false,false,false
lib/notifications/beneficiaryNotificationVisibility.ts,lib,50,2,2,false,false,false,false,false
lib/notifications/notificationCategories.ts,lib,21,0,2,false,false,false,false,false
lib/notify.ts,lib,89,3,5,false,false,true,false,false
lib/pwa/semver.ts,lib,38,0,3,false,false,false,false,false
lib/pwaBootstrap.test.ts,lib,103,1,0,false,false,false,false,false
lib/pwaBootstrap.ts,lib,45,1,1,false,false,false,false,false
lib/queryClient.ts,lib,46,5,1,false,false,false,false,false
lib/queryKeys/dashboardKeys.ts,lib,30,0,1,false,false,false,false,false
lib/queryStaleTime.ts,lib,31,0,8,false,false,false,false,false
lib/realtime/bfcacheSafeChannel.test.ts,lib,125,4,0,false,false,false,false,false
lib/realtime/bfcacheSafeChannel.ts,lib,173,5,1,false,true,false,false,false
lib/realtime/channelFactory.ts,lib,22,2,3,false,true,false,false,false
lib/search/globalSearchFn.ts,lib,82,3,2,false,false,false,false,false
lib/services/accessLogService.ts,lib,41,3,2,false,false,false,false,false
lib/services/advanceService.ts,lib,99,4,5,false,true,false,false,false
lib/services/annualReportService.ts,lib,86,3,1,false,true,false,false,false
lib/services/appSettingsService.ts,lib,50,1,1,false,true,false,false,false
lib/services/dataFetcher.ts,lib,24,2,1,false,true,false,false,false
lib/services/diagnosticsReadService.ts,lib,220,2,12,false,true,false,false,false
lib/services/diagnosticsService.ts,lib,78,2,10,false,true,false,false,false
lib/services/fiscalYearService.test.ts,lib,132,2,0,false,false,false,false,false
lib/services/fiscalYearService.ts,lib,197,3,10,false,true,false,false,false
lib/services/index.ts,lib,11,0,7,false,false,false,false,false
lib/services/invoiceStorageService.ts,lib,124,2,4,false,true,false,false,false
lib/services/invoicesService.ts,lib,45,4,2,false,true,false,false,false
lib/services/messagingService.ts,lib,90,3,2,false,true,false,false,false
lib/services/notificationService.ts,lib,76,3,6,false,true,false,false,false
lib/services/searchService.ts,lib,96,2,9,false,true,false,false,false
lib/services/securityService.ts,lib,83,3,1,false,true,false,false,false
lib/services/settingsAssetsService.ts,lib,34,2,1,false,true,false,false,false
lib/services/supportService.ts,lib,72,4,1,false,true,false,false,false
lib/services/zatcaInvoicesService.ts,lib,82,2,2,false,true,false,false,false
lib/services/zatcaService.ts,lib,43,4,5,false,true,false,false,false
lib/storage.ts,lib,67,0,6,false,false,false,false,false
lib/theme/themeColor.utils.ts,lib,61,4,7,false,false,false,false,false
lib/theme/themeDefinitions.ts,lib,77,0,3,false,false,false,false,false
lib/theme/themes/index.ts,lib,16,6,1,false,false,false,false,false
lib/theme/themes/islamicGreen.ts,lib,121,1,1,false,false,false,false,false
lib/theme/themes/maroon.ts,lib,121,1,1,false,false,false,false,false
lib/theme/themes/navy.ts,lib,121,1,1,false,false,false,false,false
lib/theme/themes/purple.ts,lib,121,1,1,false,false,false,false,false
lib/theme/themes/royalBlue.ts,lib,121,1,1,false,false,false,false,false
main.tsx,other,69,7,0,false,false,false,false,false
pages/Auth.test.tsx,page,49,5,0,false,false,false,false,false
pages/Auth.tsx,page,144,8,1,false,false,false,false,true
pages/Index.tsx,page,57,7,1,false,false,false,false,true
pages/InstallApp.test.tsx,page,24,4,0,false,false,false,false,false
pages/InstallApp.tsx,page,97,6,1,false,false,false,false,true
pages/NotFound.test.tsx,page,24,4,0,false,false,false,false,false
pages/NotFound.tsx,page,65,4,1,false,false,false,false,true
pages/PrivacyPolicy.tsx,page,90,3,1,false,false,false,false,true
pages/PublicPages.test.tsx,page,151,13,0,false,false,false,false,false
pages/ResetPassword.test.tsx,page,180,5,0,false,false,false,false,false
pages/ResetPassword.tsx,page,130,8,1,false,false,false,false,true
pages/TermsOfUse.tsx,page,94,3,1,false,false,false,false,true
pages/Unauthorized.test.tsx,page,28,4,0,false,false,false,false,false
pages/Unauthorized.tsx,page,90,5,1,false,false,false,false,true
pages/beneficiary/AccountsViewPage.tsx,page,90,8,1,false,false,false,false,true
pages/beneficiary/AnnualReportViewPage.test.tsx,page,49,5,0,false,false,false,false,false
pages/beneficiary/AnnualReportViewPage.tsx,page,155,12,1,false,false,false,false,true
pages/beneficiary/BeneficiaryDashboard.tsx,page,118,14,1,false,false,false,false,true
pages/beneficiary/BeneficiaryMessagesPage.tsx,page,115,10,1,false,false,false,false,true
pages/beneficiary/BeneficiarySettingsPage.test.tsx,page,119,4,0,false,false,false,false,false
pages/beneficiary/BeneficiarySettingsPage.tsx,page,108,8,1,false,false,false,false,true
pages/beneficiary/BylawsViewPage.tsx,page,159,10,1,false,false,false,false,true
pages/beneficiary/CarryforwardHistoryPage.test.tsx,page,70,5,0,false,false,false,false,false
pages/beneficiary/CarryforwardHistoryPage.tsx,page,96,8,1,false,false,false,false,true
pages/beneficiary/ContractsViewPage.tsx,page,103,13,1,false,false,false,false,true
pages/beneficiary/DisclosurePage.tsx,page,126,10,1,false,false,false,false,true
pages/beneficiary/ExpensesViewPage.tsx,page,143,9,1,false,false,false,false,true
pages/beneficiary/FinancialReportsPage.tsx,page,92,9,1,false,false,false,false,true
pages/beneficiary/InvoicesViewPage.tsx,page,116,10,1,false,false,false,false,true
pages/beneficiary/MySharePage.tsx,page,183,16,1,false,false,false,false,true
pages/beneficiary/NotificationsPage.test.tsx,page,143,6,0,false,false,false,false,false
pages/beneficiary/NotificationsPage.tsx,page,106,7,1,false,false,false,false,true
pages/beneficiary/PropertiesViewPage.tsx,page,149,12,1,false,false,false,false,true
pages/beneficiary/SupportPage.tsx,page,90,7,1,false,false,false,false,true
pages/beneficiary/SupportPageGuard.tsx,page,43,5,1,false,false,true,false,true
pages/dashboard/AccountsPage.tsx,page,184,9,1,false,false,false,false,true
pages/dashboard/AdminDashboard.tsx,page,159,18,1,false,false,false,false,true
pages/dashboard/AnnualReportPage.test.tsx,page,65,5,0,false,false,false,false,false
pages/dashboard/AnnualReportPage.tsx,page,197,15,1,false,false,false,false,true
pages/dashboard/AuditLogPage.tsx,page,104,13,1,false,false,false,false,true
pages/dashboard/BeneficiariesPage.test.tsx,page,112,5,0,false,false,false,false,false
pages/dashboard/BeneficiariesPage.tsx,page,144,10,1,false,false,false,false,true
pages/dashboard/BylawsPage.tsx,page,169,14,1,false,false,false,false,true
pages/dashboard/ChartOfAccountsPage.test.tsx,page,48,5,0,false,false,false,false,false
pages/dashboard/ChartOfAccountsPage.tsx,page,133,11,1,false,false,false,false,true
pages/dashboard/ContractsPage.tsx,page,117,13,1,false,false,false,false,true
pages/dashboard/DistributionsPage.tsx,page,191,12,1,false,false,false,false,true
pages/dashboard/EmailMonitorPage.tsx,page,116,10,1,false,false,false,false,true
pages/dashboard/ExpensesPage.test.tsx,page,116,3,0,false,false,false,false,false
pages/dashboard/ExpensesPage.tsx,page,118,10,1,false,false,false,false,true
pages/dashboard/HistoricalComparisonPage.test.tsx,page,45,5,0,false,false,false,false,false
pages/dashboard/HistoricalComparisonPage.tsx,page,177,12,1,false,false,false,false,true
pages/dashboard/IncomePage.test.tsx,page,104,5,0,false,false,false,false,false
pages/dashboard/IncomePage.tsx,page,145,12,1,false,false,false,false,true
pages/dashboard/InvoicesPage.tsx,page,180,17,1,false,false,false,false,true
pages/dashboard/MessagesPage.tsx,page,87,8,1,false,false,false,false,true
pages/dashboard/PropertiesPage.tsx,page,138,9,1,false,false,false,false,true
pages/dashboard/ReportsPage.tsx,page,188,14,1,false,false,false,false,true
pages/dashboard/SettingsPage.tsx,page,99,8,1,false,false,false,false,true
pages/dashboard/SupportDashboardPage.test.tsx,page,52,5,0,false,false,false,false,false
pages/dashboard/SupportDashboardPage.tsx,page,101,6,1,false,false,false,false,true
pages/dashboard/SystemDiagnosticsPage.test.tsx,page,46,5,0,false,false,false,false,false
pages/dashboard/SystemDiagnosticsPage.tsx,page,136,9,1,false,false,false,false,true
pages/dashboard/UserManagementPage.test.tsx,page,106,5,0,false,false,false,false,false
pages/dashboard/UserManagementPage.tsx,page,175,13,1,false,false,false,false,true
pages/dashboard/ZatcaManagementPage.tsx,page,125,13,1,false,false,false,false,true
pages/waqif/WaqifDashboard.tsx,page,96,12,1,false,false,false,false,true
routes/ProtectedRouteHelper.tsx,route,28,5,1,false,false,false,false,false
routes/RouteErrorBoundary.test.tsx,route,57,4,0,false,false,false,true,false
routes/RouteErrorBoundary.tsx,route,11,2,1,false,false,false,false,false
routes/adminRoutes.tsx,route,60,4,1,false,false,false,false,false
routes/beneficiaryRoutes.tsx,route,46,4,1,false,false,false,false,false
routes/publicRoutes.tsx,route,29,5,2,false,false,false,false,false
routes/waqifRoutes.tsx,route,15,4,1,false,false,false,false,false
routes/withRouteErrorBoundary.tsx,route,8,2,1,false,false,false,false,false
test/__helpers__/corsMirror.ts,test,41,0,3,false,false,false,false,false
test/__mocks__/pwa-register-react.ts,test,13,0,1,false,false,false,false,false
test/adminSectionsVisibility.test.ts,test,40,2,0,false,false,false,false,false
test/auditCriticalGate.test.ts,test,105,4,0,false,false,false,false,false
test/authFlowsIntegration.test.tsx,test,237,8,0,false,false,false,false,false
test/beneficiariesSafeUsageContract.test.ts,test,48,3,0,false,false,false,false,false
test/beneficiaryIsolation.test.ts,test,194,1,0,false,false,false,false,false
test/buttonHandlerAudit.test.ts,test,36,3,0,false,false,false,false,false
test/bylawsRlsVisibility.test.ts,test,86,2,0,false,false,false,false,false
test/contractStatsBeneficiaryVariant.test.tsx,test,41,3,0,false,false,false,false,false
test/contractsSafeAccess.test.ts,test,25,1,0,false,false,false,false,false
test/dashboardRouteSectionMap.test.ts,test,25,3,0,false,false,false,false,false
test/dashboardRoutesContract.test.ts,test,91,4,0,false,false,false,false,false
test/e2e/_helpers/fixtures/adminDashboard.ts,test,69,1,2,false,false,false,false,false
test/e2e/_helpers/fixtures/beneficiaryData.ts,test,66,2,2,false,false,false,false,false
test/e2e/_helpers/mockFiscalYear.ts,test,66,1,6,false,false,false,false,false
test/e2e/_helpers/mockSupabase.ts,test,54,1,3,false,false,false,false,false
test/e2e/_helpers/renderDashboard.tsx,test,32,4,2,false,false,false,false,false
test/e2e/accountantDashboardFlow.test.tsx,test,76,7,0,false,false,false,false,false
test/e2e/adminDashboardFlow.test.tsx,test,39,3,0,false,false,false,false,false
test/e2e/beneficiaryDashboardFlow.test.tsx,test,98,7,0,false,false,false,false,false
test/edgeFunctionAuth.test.ts,test,237,2,0,false,false,false,false,false
test/featureVisibility.test.tsx,test,69,6,0,false,false,false,false,false
test/guardSignupSecurity.test.ts,test,170,1,0,false,false,false,false,false
test/incomeExpensesCrudReflection.test.tsx,test,238,7,0,false,false,false,false,false
test/incomeExpensesHookPathsContract.test.ts,test,100,3,0,false,false,false,false,false
test/invoiceSourceFilter.test.ts,test,45,4,0,false,false,false,false,false
test/invoicesExpensesDecoupling.test.ts,test,39,3,0,false,false,false,false,false
test/navLinksFiltering.test.tsx,test,106,4,0,false,false,false,false,false
test/navLinksParity.test.ts,test,67,4,0,false,false,false,false,false
test/navLinksRouteRegistration.test.ts,test,62,4,0,false,false,false,false,false
test/notificationRpcSecurity.test.ts,test,138,1,0,false,false,false,false,false
test/pageControlsCount.test.ts,test,43,3,0,false,false,false,false,false
test/pageHookBindingContract.test.ts,test,73,3,0,false,false,false,false,false
test/pdfReportsIntegration.test.ts,test,155,2,0,false,false,false,false,false
test/permissionKeysCoverage.test.ts,test,98,4,0,false,false,false,false,false
test/permissionsParity.test.ts,test,57,3,0,false,false,false,false,false
test/permissionsResilience.test.tsx,test,343,6,0,false,false,false,false,false
test/protectedSectionsWriteGuard.test.ts,test,76,4,0,false,false,false,false,false
test/publicRpcAccess.test.ts,test,35,2,0,false,false,false,false,false
test/quickActionsExclusion.test.ts,test,14,3,0,false,false,false,false,false
test/reportsPurchaseSourceContract.test.ts,test,44,3,0,false,false,false,false,false
test/roleBoundaryContract.test.ts,test,45,3,0,false,false,false,false,false
test/roleHooksDecouplingContract.test.ts,test,41,3,0,false,false,false,false,false
test/roleRouteAccess.test.ts,test,102,7,0,false,false,false,false,false
test/roles-security.test.ts,test,108,2,0,false,false,false,false,false
test/routePermissionParity.test.ts,test,157,5,0,false,false,false,false,false
test/sectionsVisibilityProtection.test.ts,test,41,3,0,false,false,false,false,false
test/setup.ts,test,86,4,3,false,false,false,true,false
test/surfaceComponentIsolation.test.ts,test,54,3,0,false,false,false,false,false
test/uiPermissionsMatrix.test.ts,test,125,5,0,false,false,false,false,false
test/vitest.d.ts,test,2,0,0,false,false,false,false,false
types/advance.ts,type,34,0,2,false,false,false,false,false
types/arabic-reshaper.d.ts,type,7,0,0,false,false,false,false,false
types/bylaws.ts,type,10,1,1,false,false,false,false,false
types/dashboard.ts,type,34,1,2,false,false,false,false,false
types/data/crudFactory.ts,type,87,2,8,false,false,false,false,false
types/data/index.ts,type,5,0,1,true,false,false,false,false
types/financial/core.ts,type,59,1,5,false,false,false,false,false
types/financial/dashboard.ts,type,173,0,13,false,false,false,false,false
types/financial/index.ts,type,7,0,3,true,false,false,false,false
types/financial/multiYear.ts,type,34,0,1,false,false,false,false,false
types/forms/beneficiary.ts,type,14,0,1,false,false,false,false,false
types/forms/contract.ts,type,42,0,4,false,false,false,false,false
types/forms/index.ts,type,7,0,3,true,false,false,false,false
types/forms/property.ts,type,26,1,2,false,false,false,false,false
types/index.ts,type,25,0,15,true,false,false,false,false
types/invoices.ts,type,148,0,7,false,false,false,false,false
types/landing.ts,type,16,0,1,false,false,false,false,false
types/models.ts,type,54,1,32,false,false,false,false,false
types/navigation.ts,type,56,0,2,false,false,false,false,false
types/notifications.ts,type,19,0,1,false,false,false,false,false
types/relations.ts,type,27,2,4,false,false,false,false,false
types/sorting.ts,type,15,0,2,false,false,false,false,false
types/ui.ts,type,42,0,4,false,false,false,false,false
types/zatca.ts,type,33,0,3,false,false,false,false,false
utils/auth/canAccessRoute.ts,util,87,3,5,false,false,false,false,false
utils/auth/filterByVisibility.test.ts,util,63,2,0,false,false,false,false,false
utils/auth/filterByVisibility.ts,util,46,0,3,false,false,false,false,false
utils/auth/permissions.test.ts,util,45,2,0,false,false,false,false,false
utils/auth/permissions.ts,util,11,0,1,false,false,false,false,false
utils/chart/chartHelpers.test.ts,util,74,2,0,false,false,false,false,false
utils/chart/chartHelpers.ts,util,38,0,4,false,false,false,false,false
utils/contracts/contractFormBuilders.ts,util,106,2,3,false,false,false,false,false
utils/contracts/contractFormValidation.test.ts,util,44,3,0,false,false,false,false,false
utils/contracts/contractFormValidation.ts,util,32,1,2,false,false,false,false,false
utils/contracts/contractStatus.ts,util,21,0,1,false,false,false,false,false
utils/contracts/index.ts,util,5,0,1,true,false,false,false,false
utils/date/dateOnly.ts,util,41,0,4,false,false,false,false,false
utils/error/getErrorStatus.ts,util,53,0,5,false,false,false,false,false
utils/export/csv.test.ts,util,71,2,0,false,false,false,false,false
utils/export/csv.ts,util,106,0,5,false,false,false,false,false
utils/export/printDistributionReport.test.ts,util,69,2,0,false,false,false,false,false
utils/export/printDistributionReport.ts,util,58,2,1,false,false,false,false,false
utils/export/printDistributionTemplate.ts,util,196,1,5,false,false,false,false,false
utils/export/printShareReport.test.ts,util,70,2,0,false,false,false,false,false
utils/export/printShareReport.ts,util,115,2,1,false,false,false,false,false
utils/export/xlsx.test.ts,util,87,2,0,false,false,false,false,false
utils/export/xlsx.ts,util,124,1,3,false,false,false,false,false
utils/export/xlsxZip.ts,util,99,0,1,false,false,false,false,false
utils/financial/accountsCalculations.test.ts,util,378,3,0,false,false,false,false,false
utils/financial/accountsCalculations.ts,util,104,3,5,false,false,false,false,false
utils/financial/activeYearFinancials.ts,util,32,1,2,false,false,false,false,false
utils/financial/availableAmount.test.ts,util,75,2,0,false,false,false,false,false
utils/financial/buildMonthlyData.ts,util,25,0,1,false,false,false,false,false
utils/financial/calcChangePercent.ts,util,6,0,1,false,false,false,false,false
utils/financial/calculateFinancials.test.ts,util,152,2,0,false,false,false,false,false
utils/financial/closedYearFinancials.ts,util,53,2,2,false,false,false,false,false
utils/financial/collectionCompute.ts,util,200,5,8,false,false,false,false,false
utils/financial/computeCollectionSummary.test.ts,util,77,2,0,false,false,false,false,false
utils/financial/computeContractualRevenue.test.ts,util,66,2,0,false,false,false,false,false
utils/financial/computeContractualRevenue.ts,util,40,1,1,false,false,false,false,false
utils/financial/contractAllocation.test.ts,util,86,2,0,false,false,false,false,false
utils/financial/contractAllocation.ts,util,189,2,4,false,false,false,false,false
utils/financial/contractClassification.test.ts,util,38,2,0,false,false,false,false,false
utils/financial/contractClassification.ts,util,16,0,2,false,false,false,false,false
utils/financial/contractHelpers.test.ts,util,37,2,0,false,false,false,false,false
utils/financial/contractHelpers.ts,util,47,0,4,false,false,false,false,false
utils/financial/dashboardComputations.ts,util,142,1,6,false,false,false,false,false
utils/financial/distributionCalcPure.test.ts,util,177,2,0,false,false,false,false,false
utils/financial/distributionCalcPure.ts,util,84,1,2,false,false,false,false,false
utils/financial/distributionSummary.test.ts,util,98,2,0,false,false,false,false,false
utils/financial/distributionSummary.ts,util,39,1,2,false,false,false,false,false
utils/financial/documentationRate.test.ts,util,45,2,0,false,false,false,false,false
utils/financial/documentationRate.ts,util,46,0,2,false,false,false,false,false
utils/financial/expenseFormValidation.test.ts,util,56,3,0,false,false,false,false,false
utils/financial/expenseFormValidation.ts,util,84,2,6,false,false,false,false,false
utils/financial/expensesCompute.ts,util,44,3,3,false,false,false,false,false
utils/financial/findAccountByFY.test.ts,util,66,2,0,false,false,false,false,false
utils/financial/findAccountByFY.ts,util,17,0,1,false,false,false,false,false
utils/financial/fiscalYearClosure.test.ts,util,408,1,0,false,false,false,false,false
utils/financial/incomeAnomalies.test.ts,util,66,2,0,false,false,false,false,false
utils/financial/incomeAnomalies.ts,util,51,1,3,false,false,false,false,false
utils/financial/incomeCompute.ts,util,64,3,5,false,false,false,false,false
utils/financial/incomeFormValidation.test.ts,util,60,3,0,false,false,false,false,false
utils/financial/incomeFormValidation.ts,util,85,2,6,false,false,false,false,false
utils/financial/multiYearHelpers.test.ts,util,52,2,0,false,false,false,false,false
utils/financial/multiYearHelpers.ts,util,73,1,2,false,false,false,false,false
utils/financial/myShareCalculation.test.ts,util,70,1,0,false,false,false,false,false
utils/financial/paymentInvoicesCompute.ts,util,95,2,8,false,false,false,false,false
utils/financial/ratios.test.ts,util,27,2,0,false,false,false,false,false
utils/financial/ratios.ts,util,20,0,3,false,false,false,false,false
utils/financial/recordConverters.ts,util,20,1,2,false,false,false,false,false
utils/financial/regressionFixes.test.ts,util,86,3,0,false,false,false,false,false
utils/financial/yearComparisonHelpers.test.ts,util,66,2,0,false,false,false,false,false
utils/financial/yearComparisonHelpers.ts,util,35,1,4,false,false,false,false,false
utils/financial/zatcaSharedLogic.test.ts,util,361,1,0,false,false,false,false,false
utils/fiscalYear/resolveFiscalYearId.test.ts,util,55,3,0,false,false,false,false,false
utils/fiscalYear/resolveFiscalYearId.ts,util,46,1,2,false,false,false,false,false
utils/fonts/loadAmiriFonts.test.ts,util,29,1,0,false,false,false,false,false
utils/fonts/loadAmiriFonts.ts,util,32,0,1,false,false,false,false,false
utils/format/auditLabels.ts,util,72,0,6,false,false,false,false,false
utils/format/date.ts,util,15,0,1,false,false,false,false,false
utils/format/format.test.ts,util,105,2,0,false,false,false,false,false
utils/format/format.ts,util,71,0,7,false,false,false,false,false
utils/format/index.ts,util,14,0,10,true,false,false,false,false
utils/format/maskData.test.ts,util,68,2,0,false,false,false,false,false
utils/format/maskData.ts,util,31,0,4,false,false,false,false,false
utils/format/normalizeDigits.test.ts,util,24,2,0,false,false,false,false,false
utils/format/normalizeDigits.ts,util,8,0,1,false,false,false,false,false
utils/format/safeErrorMessage.test.ts,util,121,2,0,false,false,false,false,false
utils/format/safeErrorMessage.ts,util,86,0,1,false,false,false,false,false
utils/format/safeNumber.test.ts,util,55,2,0,false,false,false,false,false
utils/format/safeNumber.ts,util,20,0,2,false,false,false,false,false
utils/format/validateNationalId.test.ts,util,93,2,0,false,false,false,false,false
utils/format/validateNationalId.ts,util,41,0,2,false,false,false,false,false
utils/image/imageCompression.ts,util,71,0,1,false,false,false,false,false
utils/image/resizeImage.ts,util,101,0,1,false,false,false,false,false
utils/pdf/core/arabicReshaper.test.ts,util,139,2,0,false,false,false,false,false
utils/pdf/core/arabicReshaper.ts,util,71,1,3,false,false,false,false,false
utils/pdf/core/core.test.ts,util,43,2,0,false,false,false,false,false
utils/pdf/core/core.ts,util,114,3,16,false,false,false,false,false
utils/pdf/core/pdfFonts.ts,util,97,2,5,false,false,false,false,false
utils/pdf/core/pdfHelpers.test.ts,util,20,2,0,false,false,false,false,false
utils/pdf/core/pdfHelpers.ts,util,14,1,1,false,false,false,false,false
utils/pdf/core/pdfLayout.ts,util,133,5,4,false,false,false,false,false
utils/pdf/core/themeColors.ts,util,86,0,5,false,false,false,false,false
utils/pdf/entities/accounts.test.ts,util,248,1,0,false,false,false,false,false
utils/pdf/entities/accounts.ts,util,7,0,2,false,false,false,false,false
utils/pdf/entities/accountsPdf.helpers.ts,util,79,2,3,false,false,false,false,false
utils/pdf/entities/accountsPdf.ts,util,196,5,1,false,false,false,false,false
utils/pdf/entities/auditLog.test.ts,util,62,2,0,false,false,false,false,false
utils/pdf/entities/auditLog.ts,util,131,3,2,false,false,false,false,false
utils/pdf/entities/beneficiary.test.ts,util,70,2,0,false,false,false,false,false
utils/pdf/entities/beneficiary.ts,util,185,3,2,false,false,false,false,false
utils/pdf/entities/bylaws.test.ts,util,53,2,0,false,false,false,false,false
utils/pdf/entities/bylaws.ts,util,119,2,2,false,false,false,false,false
utils/pdf/entities/distributionsPdf.ts,util,109,5,1,false,false,false,false,false
utils/pdf/entities/entities.test.ts,util,58,2,0,false,false,false,false,false
utils/pdf/entities/entities.ts,util,170,4,4,false,false,false,false,false
utils/pdf/entities/expenses.test.ts,util,49,2,0,false,false,false,false,false
utils/pdf/entities/expenses.ts,util,66,2,2,false,false,false,false,false
utils/pdf/index.ts,util,20,0,12,true,false,false,false,false
utils/pdf/invoices/invoice.ts,util,100,5,3,false,false,false,false,false
utils/pdf/invoices/invoices.ts,util,121,4,2,false,false,false,false,false
utils/pdf/invoices/paymentInvoice.ts,util,52,6,3,false,false,false,false,false
utils/pdf/invoices/paymentInvoiceClassic.ts,util,90,5,1,false,false,false,false,false
utils/pdf/invoices/paymentInvoiceCompact.ts,util,115,5,1,false,false,false,false,false
utils/pdf/invoices/paymentInvoiceProfessional.ts,util,179,4,1,false,false,false,false,false
utils/pdf/invoices/paymentInvoiceShared.ts,util,14,0,5,false,false,false,false,false
utils/pdf/reports/aggregatedAnnualReport.ts,util,275,6,2,false,false,false,false,false
utils/pdf/reports/annualDisclosurePdf.ts,util,153,3,2,false,false,false,false,false
utils/pdf/reports/annualReport.ts,util,103,2,2,false,false,false,false,false
utils/pdf/reports/annualReportPdf.ts,util,82,3,2,false,false,false,false,false
utils/pdf/reports/beneficiaryStatementPdf.ts,util,42,2,1,false,false,false,false,false
utils/pdf/reports/comparison.test.ts,util,45,2,0,false,false,false,false,false
utils/pdf/reports/comparison.ts,util,169,3,2,false,false,false,false,false
utils/pdf/reports/comprehensiveBeneficiary.test.ts,util,70,2,0,false,false,false,false,false
utils/pdf/reports/comprehensiveBeneficiary.ts,util,112,5,2,false,false,false,false,false
utils/pdf/reports/comprehensiveBeneficiaryFinancial.ts,util,106,6,2,false,false,false,false,false
utils/pdf/reports/comprehensiveBeneficiaryTables.ts,util,137,6,5,false,false,false,false,false
utils/pdf/reports/forensicAudit.test.ts,util,125,2,0,false,false,false,false,false
utils/pdf/reports/forensicAudit.ts,util,164,5,2,false,false,false,false,false
utils/pdf/reports/forensicAuditSignature.ts,util,70,4,1,false,false,false,false,false
utils/pdf/reports/forensicAuditTypes.ts,util,52,1,5,false,false,false,false,false
utils/pdf/reports/multiYearComparison.ts,util,132,3,3,false,false,false,false,false
utils/pdf/reports/reports.test.ts,util,100,2,0,false,false,false,false,false
utils/pdf/reports/reports.ts,util,12,0,5,false,false,false,false,false
utils/pdf/shared/computations.ts,util,33,1,1,false,false,false,false,false
utils/pdf/shared/helpers.ts,util,18,1,2,false,false,false,false,false
utils/pdf/shared/qrCode.ts,util,75,5,2,false,false,false,false,false
utils/pdf/shared/renderers/index.ts,util,8,0,4,true,false,false,false,false
utils/pdf/shared/renderers/invoiceMeta.ts,util,33,3,1,false,false,false,false,false
utils/pdf/shared/renderers/sellerBuyer.ts,util,70,3,2,false,false,false,false,false
utils/pdf/shared/renderers/summary.ts,util,95,5,2,false,false,false,false,false
utils/pdf/shared/renderers/tables.ts,util,128,5,2,false,false,false,false,false
utils/pdf/shared/types.ts,util,46,0,4,false,false,false,false,false
utils/properties/computeOccupancySplit.test.ts,util,125,2,0,false,false,false,false,false
utils/properties/computeOccupancySplit.ts,util,89,0,5,false,false,false,false,false
utils/reports/monthlyPerformanceCalc.ts,util,83,2,6,false,false,false,false,false
utils/ui/badgeVariants.ts,util,11,0,1,false,false,false,false,false
utils/validation/index.ts,util,13,0,1,false,false,false,false,false
utils/validation/regexPatterns.ts,util,24,0,7,false,false,false,false,false
utils/zatca/validateZatcaForm.ts,util,58,1,5,false,false,false,false,false
utils/zatca/zatcaQr.test.ts,util,98,2,0,false,false,false,false,false
utils/zatca/zatcaQr.ts,util,111,1,2,false,false,false,false,false
vite-env.d.ts,other,19,0,0,false,false,false,false,false